17850,United Kingdom
13047,United Kingdom
12583,France
13748,United Kingdom
15100,United Kingdom
15291,United Kingdom
14688,United Kingdom
17809,United Kingdom
15311,United Kingdom
14527,United Kingdom
16098,United Kingdom
18074,United Kingdom
17420,United Kingdom
16029,United Kingdom
16250,United Kingdom
12431,Australia
17511,United Kingdom
17548,United Kingdom
13705,United Kingdom
13747,United Kingdom
13408,United Kingdom
13767,United Kingdom
17924,United Kingdom
13448,United Kingdom
15862,United Kingdom
15513,United Kingdom
12791,Netherlands
16218,United Kingdom
14045,United Kingdom
14307,United Kingdom
17908,United Kingdom
17920,United Kingdom
0,United Kingdom
12838,United Kingdom
13255,United Kingdom
16583,United Kingdom
18085,United Kingdom
13758,United Kingdom
13694,United Kingdom
15983,United Kingdom
14849,United Kingdom
17968,United Kingdom
16210,United Kingdom
17897,United Kingdom
17377,United Kingdom
16552,United Kingdom
17181,United Kingdom
17951,United Kingdom
14729,United Kingdom
12748,United Kingdom
15012,United Kingdom
12868,United Kingdom
17572,United Kingdom
14078,United Kingdom
14001,United Kingdom
12662,Germany
15525,United Kingdom
14237,United Kingdom
17905,United Kingdom
15485,United Kingdom
12433,Norway
16955,United Kingdom
15350,United Kingdom
15605,United Kingdom
18144,United Kingdom
15922,United Kingdom
14594,United Kingdom
15165,United Kingdom
14911,EIRE
16456,United Kingdom
17841,United Kingdom
12472,Germany
17346,United Kingdom
17643,United Kingdom
17873,United Kingdom
13093,United Kingdom
12921,United Kingdom
13468,United Kingdom
17760,United Kingdom
16928,United Kingdom
16048,United Kingdom
16274,United Kingdom
14496,United Kingdom
14696,United Kingdom
16539,United Kingdom
17025,United Kingdom
13777,United Kingdom
17690,United Kingdom
12947,United Kingdom
17460,United Kingdom
18229,United Kingdom
14142,United Kingdom
17069,United Kingdom
13065,United Kingdom
14606,United Kingdom
16835,United Kingdom
15235,United Kingdom
13576,United Kingdom
18011,United Kingdom
13090,United Kingdom
15694,United Kingdom
14741,United Kingdom
13715,United Kingdom
14092,United Kingdom
17732,United Kingdom
12855,United Kingdom
15752,United Kingdom
17855,United Kingdom
14047,United Kingdom
17925,United Kingdom
13941,United Kingdom
17017,United Kingdom
14135,United Kingdom
13108,United Kingdom
12471,Germany
15601,United Kingdom
13418,United Kingdom
14766,United Kingdom
15658,United Kingdom
14388,United Kingdom
14901,United Kingdom
18041,United Kingdom
15955,United Kingdom
15070,United Kingdom
16244,United Kingdom
15111,United Kingdom
14390,United Kingdom
16546,United Kingdom
15260,United Kingdom
13305,United Kingdom
14491,United Kingdom
14060,United Kingdom
15923,United Kingdom
16752,United Kingdom
17287,United Kingdom
15363,United Kingdom
12915,United Kingdom
15544,United Kingdom
15738,United Kingdom
16042,United Kingdom
17381,United Kingdom
15827,United Kingdom
14180,United Kingdom
13117,United Kingdom
16916,United Kingdom
17964,United Kingdom
14466,United Kingdom
17235,United Kingdom
16510,United Kingdom
17802,United Kingdom
15107,United Kingdom
17976,United Kingdom
14449,United Kingdom
15838,United Kingdom
16781,United Kingdom
17547,United Kingdom
13491,United Kingdom
16186,United Kingdom
17685,United Kingdom
17581,United Kingdom
15732,United Kingdom
13138,United Kingdom
15823,United Kingdom
17567,United Kingdom
15061,United Kingdom
16203,United Kingdom
15640,United Kingdom
15574,United Kingdom
16770,United Kingdom
17838,United Kingdom
17228,United Kingdom
14829,United Kingdom
17412,United Kingdom
14031,United Kingdom
14775,United Kingdom
12971,United Kingdom
15834,United Kingdom
17659,United Kingdom
15299,United Kingdom
15646,United Kingdom
13958,United Kingdom
14443,United Kingdom
14156,EIRE
16995,United Kingdom
13402,United Kingdom
18168,United Kingdom
17757,United Kingdom
14625,United Kingdom
13011,United Kingdom
13798,United Kingdom
15384,United Kingdom
14264,United Kingdom
13295,United Kingdom
16754,United Kingdom
16634,United Kingdom
18239,United Kingdom
14576,United Kingdom
13145,United Kingdom
14395,United Kingdom
14865,United Kingdom
15093,United Kingdom
12738,Germany
16150,United Kingdom
17552,United Kingdom
14236,United Kingdom
17961,United Kingdom
14573,United Kingdom
17135,United Kingdom
17396,United Kingdom
14213,United Kingdom
12967,United Kingdom
12686,France
14679,United Kingdom
15240,United Kingdom
18225,United Kingdom
13370,United Kingdom
16883,United Kingdom
13520,Switzerland
12841,United Kingdom
16905,United Kingdom
12427,Germany
17967,United Kingdom
16891,United Kingdom
14589,United Kingdom
14680,United Kingdom
17884,United Kingdom
12557,Spain
14083,United Kingdom
13013,United Kingdom
14210,United Kingdom
16477,United Kingdom
12600,Germany
16013,United Kingdom
17949,United Kingdom
12779,Poland
16926,United Kingdom
17787,United Kingdom
12682,France
14723,United Kingdom
17954,United Kingdom
17819,United Kingdom
12712,Germany
15373,United Kingdom
16140,United Kingdom
17198,United Kingdom
17238,United Kingdom
12793,Portugal
15769,United Kingdom
14396,United Kingdom
14898,United Kingdom
12725,Italy
16725,United Kingdom
12395,Belgium
16455,United Kingdom
13081,United Kingdom
15545,United Kingdom
17243,United Kingdom
15465,United Kingdom
15708,United Kingdom
13089,United Kingdom
16033,United Kingdom
13838,United Kingdom
15351,United Kingdom
18055,United Kingdom
15038,United Kingdom
18109,United Kingdom
13069,United Kingdom
16241,United Kingdom
14800,United Kingdom
16839,United Kingdom
16168,United Kingdom
16931,United Kingdom
16814,United Kingdom
13269,United Kingdom
14813,United Kingdom
12567,France
17062,United Kingdom
15332,Lithuania
14810,United Kingdom
16353,United Kingdom
18118,United Kingdom
13831,United Kingdom
13506,United Kingdom
17796,United Kingdom
15716,United Kingdom
18156,United Kingdom
15221,United Kingdom
16983,United Kingdom
17059,United Kingdom
16327,United Kingdom
17211,United Kingdom
17026,United Kingdom
15570,United Kingdom
15880,United Kingdom
16718,United Kingdom
15808,United Kingdom
17858,United Kingdom
16393,United Kingdom
14161,United Kingdom
17863,United Kingdom
16411,United Kingdom
16402,United Kingdom
15023,United Kingdom
17402,United Kingdom
15426,United Kingdom
12647,Germany
15894,United Kingdom
15867,United Kingdom
14506,United Kingdom
15555,United Kingdom
13034,United Kingdom
15889,United Kingdom
15953,United Kingdom
16143,United Kingdom
12720,Germany
16422,United Kingdom
12747,United Kingdom
15502,United Kingdom
12763,Japan
14081,United Kingdom
17965,United Kingdom
14404,United Kingdom
13579,United Kingdom
13174,United Kingdom
15987,United Kingdom
17677,United Kingdom
13652,United Kingdom
12586,Italy
17428,United Kingdom
16161,United Kingdom
16858,United Kingdom
18219,United Kingdom
14293,United Kingdom
14748,United Kingdom
16638,United Kingdom
17674,United Kingdom
12808,Portugal
13094,United Kingdom
15899,United Kingdom
12708,Germany
15898,United Kingdom
17691,United Kingdom
17227,United Kingdom
15039,United Kingdom
15919,United Kingdom
13497,United Kingdom
15860,United Kingdom
14189,United Kingdom
15304,United Kingdom
14867,United Kingdom
14344,United Kingdom
12474,Germany
16719,United Kingdom
15048,United Kingdom
15301,United Kingdom
14708,United Kingdom
16898,United Kingdom
14825,United Kingdom
18113,United Kingdom
17596,United Kingdom
15078,United Kingdom
14085,United Kingdom
17860,United Kingdom
13155,United Kingdom
15028,United Kingdom
16919,United Kingdom
17259,United Kingdom
17019,United Kingdom
14487,United Kingdom
16722,United Kingdom
15882,United Kingdom
14667,United Kingdom
16710,United Kingdom
16550,United Kingdom
15984,United Kingdom
17682,United Kingdom
16658,United Kingdom
17068,United Kingdom
15356,United Kingdom
17223,United Kingdom
16817,United Kingdom
13030,United Kingdom
17191,United Kingdom
15194,United Kingdom
14409,United Kingdom
16654,United Kingdom
16861,United Kingdom
16138,United Kingdom
13481,United Kingdom
13495,United Kingdom
17519,United Kingdom
17218,United Kingdom
17812,United Kingdom
14215,United Kingdom
15602,United Kingdom
17320,United Kingdom
16782,United Kingdom
12913,United Kingdom
17869,United Kingdom
13564,United Kingdom
14850,United Kingdom
15021,United Kingdom
13963,United Kingdom
17450,United Kingdom
17091,United Kingdom
17470,United Kingdom
17616,United Kingdom
15649,United Kingdom
12681,France
14907,United Kingdom
17735,United Kingdom
16059,United Kingdom
17720,United Kingdom
15018,United Kingdom
14733,United Kingdom
13756,United Kingdom
14176,United Kingdom
13319,United Kingdom
15353,United Kingdom
18119,United Kingdom
17491,United Kingdom
14282,United Kingdom
13569,United Kingdom
15498,United Kingdom
14673,United Kingdom
13488,United Kingdom
16221,United Kingdom
15002,United Kingdom
15965,United Kingdom
15024,United Kingdom
17675,United Kingdom
13769,United Kingdom
16904,United Kingdom
16086,United Kingdom
13786,United Kingdom
13880,United Kingdom
13173,United Kingdom
15858,United Kingdom
15180,United Kingdom
12347,Iceland
14739,United Kingdom
16293,United Kingdom
17419,United Kingdom
16775,United Kingdom
16306,United Kingdom
16950,United Kingdom
17591,United Kingdom
12839,United Kingdom
13807,United Kingdom
16125,United Kingdom
15081,United Kingdom
18102,United Kingdom
16365,United Kingdom
17870,United Kingdom
14821,United Kingdom
16863,United Kingdom
13078,United Kingdom
13267,United Kingdom
13050,United Kingdom
12709,Germany
15628,United Kingdom
12386,Australia
14796,United Kingdom
16779,United Kingdom
13599,United Kingdom
13329,United Kingdom
18077,United Kingdom
14744,United Kingdom
17406,United Kingdom
15750,United Kingdom
13983,United Kingdom
13842,United Kingdom
12441,France
13199,United Kingdom
14032,United Kingdom
17706,United Kingdom
16081,United Kingdom
16525,United Kingdom
14952,United Kingdom
17975,United Kingdom
16122,United Kingdom
13126,United Kingdom
15973,United Kingdom
16558,United Kingdom
16713,United Kingdom
16893,United Kingdom
15529,United Kingdom
18043,United Kingdom
16016,United Kingdom
17722,United Kingdom
17324,United Kingdom
17341,United Kingdom
14051,United Kingdom
15916,United Kingdom
16233,United Kingdom
16385,United Kingdom
15032,United Kingdom
17213,United Kingdom
18061,United Kingdom
13113,United Kingdom
16553,United Kingdom
13455,United Kingdom
14217,United Kingdom
17262,United Kingdom
14299,United Kingdom
18259,United Kingdom
17676,United Kingdom
16679,United Kingdom
18269,United Kingdom
12766,Portugal
15298,United Kingdom
18193,United Kingdom
13523,United Kingdom
12870,United Kingdom
15005,United Kingdom
15581,United Kingdom
15680,United Kingdom
13649,United Kingdom
17894,United Kingdom
13270,United Kingdom
14618,United Kingdom
14866,United Kingdom
13077,United Kingdom
13115,United Kingdom
13531,United Kingdom
13848,United Kingdom
13140,United Kingdom
15713,United Kingdom
17999,United Kingdom
15347,United Kingdom
17340,United Kingdom
13984,United Kingdom
15996,United Kingdom
14030,United Kingdom
16252,United Kingdom
16596,United Kingdom
16700,United Kingdom
16011,United Kingdom
17655,United Kingdom
16717,United Kingdom
14243,United Kingdom
12963,United Kingdom
15079,United Kingdom
14437,United Kingdom
12942,United Kingdom
15660,United Kingdom
18092,United Kingdom
15358,United Kingdom
12481,Germany
12721,France
12621,Germany
18071,United Kingdom
12683,France
12755,Japan
13854,United Kingdom
12797,Portugal
13369,United Kingdom
12494,France
17857,United Kingdom
17411,United Kingdom
14932,Channel Islands
12429,Denmark
14987,United Kingdom
14355,United Kingdom
17526,United Kingdom
14896,United Kingdom
14440,United Kingdom
13240,United Kingdom
14479,United Kingdom
16065,United Kingdom
17430,United Kingdom
16520,United Kingdom
15945,United Kingdom
15181,United Kingdom
15856,United Kingdom
13102,United Kingdom
14205,United Kingdom
17702,United Kingdom
15271,United Kingdom
13982,United Kingdom
15288,United Kingdom
17978,United Kingdom
16795,United Kingdom
16519,United Kingdom
17816,United Kingdom
13021,United Kingdom
16255,United Kingdom
17671,United Kingdom
17646,United Kingdom
12649,Germany
16350,United Kingdom
12872,United Kingdom
17339,United Kingdom
18230,United Kingdom
16499,United Kingdom
17097,Spain
15192,United Kingdom
14441,United Kingdom
15279,United Kingdom
16579,United Kingdom
15380,United Kingdom
17442,United Kingdom
17950,United Kingdom
12826,United Kingdom
17456,United Kingdom
17307,United Kingdom
15811,United Kingdom
13327,United Kingdom
17700,United Kingdom
13136,United Kingdom
15535,United Kingdom
12605,Germany
15329,United Kingdom
15211,United Kingdom
15596,United Kingdom
16163,United Kingdom
16907,United Kingdom
17576,United Kingdom
14713,United Kingdom
14702,United Kingdom
13230,United Kingdom
13969,United Kingdom
17530,United Kingdom
15805,United Kingdom
17696,United Kingdom
17076,United Kingdom
17827,United Kingdom
16265,United Kingdom
17880,United Kingdom
13000,United Kingdom
17790,United Kingdom
12731,France
14419,United Kingdom
14082,United Kingdom
17912,United Kingdom
15723,United Kingdom
16656,United Kingdom
14037,United Kingdom
14256,United Kingdom
14543,United Kingdom
16062,United Kingdom
18116,United Kingdom
16019,United Kingdom
18178,United Kingdom
18065,United Kingdom
13148,United Kingdom
12989,United Kingdom
14107,United Kingdom
15881,United Kingdom
12785,Portugal
16727,United Kingdom
15514,United Kingdom
13787,United Kingdom
17865,United Kingdom
17220,United Kingdom
16565,United Kingdom
16873,United Kingdom
14062,United Kingdom
15179,United Kingdom
18016,United Kingdom
14448,United Kingdom
15503,United Kingdom
17251,United Kingdom
16923,United Kingdom
14159,United Kingdom
17126,United Kingdom
15224,United Kingdom
14577,United Kingdom
12753,Japan
17236,United Kingdom
17372,United Kingdom
16367,United Kingdom
12875,United Kingdom
17917,United Kingdom
16010,United Kingdom
17085,United Kingdom
13668,United Kingdom
14684,United Kingdom
17188,United Kingdom
15547,United Kingdom
15998,United Kingdom
14413,United Kingdom
18004,United Kingdom
13959,United Kingdom
16665,United Kingdom
15454,United Kingdom
15044,United Kingdom
17937,United Kingdom
14608,United Kingdom
17618,United Kingdom
14505,United Kingdom
18037,United Kingdom
13198,United Kingdom
12540,Spain
13225,United Kingdom
15361,United Kingdom
15689,United Kingdom
14290,United Kingdom
13209,United Kingdom
13999,United Kingdom
14498,United Kingdom
15854,United Kingdom
16701,United Kingdom
16927,United Kingdom
17990,United Kingdom
14544,United Kingdom
17338,United Kingdom
17231,United Kingdom
17799,United Kingdom
14565,United Kingdom
16726,United Kingdom
17303,United Kingdom
14639,United Kingdom
17611,United Kingdom
17179,United Kingdom
17524,United Kingdom
12476,Germany
17293,United Kingdom
17890,United Kingdom
17375,United Kingdom
17371,United Kingdom
17969,United Kingdom
15159,United Kingdom
13211,United Kingdom
15777,United Kingdom
14525,United Kingdom
13324,United Kingdom
13802,United Kingdom
13948,United Kingdom
13008,United Kingdom
14206,United Kingdom
16202,United Kingdom
16442,United Kingdom
18075,United Kingdom
15468,United Kingdom
16570,United Kingdom
14524,United Kingdom
18141,United Kingdom
12434,Australia
16810,United Kingdom
14961,United Kingdom
17041,United Kingdom
16458,United Kingdom
16083,United Kingdom
16262,United Kingdom
17194,United Kingdom
14057,United Kingdom
14871,United Kingdom
13178,United Kingdom
18044,United Kingdom
16812,United Kingdom
16191,United Kingdom
12370,Cyprus
14298,United Kingdom
17158,United Kingdom
14415,United Kingdom
16899,United Kingdom
16531,United Kingdom
17404,Sweden
16556,United Kingdom
16805,United Kingdom
16503,United Kingdom
17739,United Kingdom
13238,United Kingdom
12829,United Kingdom
13097,United Kingdom
12867,United Kingdom
15392,United Kingdom
13846,United Kingdom
14401,United Kingdom
16145,United Kingdom
17629,United Kingdom
14150,United Kingdom
13496,United Kingdom
13611,United Kingdom
16954,United Kingdom
17454,United Kingdom
17449,United Kingdom
17230,United Kingdom
12865,Austria
15950,United Kingdom
15512,United Kingdom
17525,United Kingdom
13458,United Kingdom
14426,United Kingdom
16003,United Kingdom
13092,United Kingdom
13426,United Kingdom
15101,United Kingdom
17033,United Kingdom
13221,United Kingdom
14201,United Kingdom
17692,United Kingdom
15822,United Kingdom
16134,United Kingdom
17551,United Kingdom
18050,United Kingdom
14913,United Kingdom
12666,Israel
15641,United Kingdom
13124,United Kingdom
17214,United Kingdom
15456,United Kingdom
15062,United Kingdom
12928,United Kingdom
15727,United Kingdom
17980,United Kingdom
15290,United Kingdom
17752,United Kingdom
15615,United Kingdom
12577,France
17044,United Kingdom
13829,United Kingdom
17633,United Kingdom
13266,United Kingdom
17820,United Kingdom
15664,United Kingdom
17189,United Kingdom
17496,United Kingdom
16607,United Kingdom
13317,United Kingdom
13890,United Kingdom
17001,United Kingdom
15246,United Kingdom
16996,United Kingdom
15482,United Kingdom
16037,United Kingdom
14841,United Kingdom
16670,United Kingdom
16985,United Kingdom
16705,United Kingdom
16470,United Kingdom
14414,United Kingdom
15563,United Kingdom
12980,United Kingdom
16746,United Kingdom
14878,United Kingdom
16743,United Kingdom
17146,United Kingdom
12877,United Kingdom
15394,United Kingdom
14621,United Kingdom
15379,United Kingdom
14309,United Kingdom
17288,United Kingdom
14709,United Kingdom
15157,United Kingdom
17744,United Kingdom
16316,United Kingdom
15620,United Kingdom
15789,United Kingdom
16560,United Kingdom
13534,United Kingdom
17580,United Kingdom
14777,United Kingdom
15759,United Kingdom
14373,United Kingdom
18176,United Kingdom
15366,United Kingdom
14735,United Kingdom
16271,United Kingdom
18223,United Kingdom
15532,United Kingdom
16816,United Kingdom
16684,United Kingdom
14334,United Kingdom
16945,United Kingdom
14643,United Kingdom
15197,United Kingdom
14220,United Kingdom
13874,United Kingdom
18260,United Kingdom
17848,United Kingdom
17392,United Kingdom
12348,Finland
14985,United Kingdom
13004,United Kingdom
14560,United Kingdom
12931,United Kingdom
13627,United Kingdom
12551,Spain
12782,Portugal
14769,United Kingdom
15780,United Kingdom
12417,Belgium
17315,United Kingdom
16711,United Kingdom
12726,France
15204,United Kingdom
17888,United Kingdom
17007,United Kingdom
15160,United Kingdom
14016,EIRE
13033,United Kingdom
12691,France
13869,United Kingdom
14146,United Kingdom
12705,Germany
16885,United Kingdom
17913,United Kingdom
12668,Germany
14472,United Kingdom
17358,United Kingdom
16686,United Kingdom
18245,United Kingdom
17343,United Kingdom
18256,United Kingdom
16153,United Kingdom
12377,Switzerland
14646,Netherlands
12944,United Kingdom
15312,United Kingdom
14099,United Kingdom
14113,United Kingdom
13104,United Kingdom
17204,United Kingdom
13027,United Kingdom
17621,United Kingdom
17090,United Kingdom
14119,United Kingdom
15527,United Kingdom
18097,United Kingdom
15460,United Kingdom
15034,United Kingdom
12423,Belgium
12678,France
15208,United Kingdom
17306,United Kingdom
14737,United Kingdom
13029,United Kingdom
16270,United Kingdom
13487,United Kingdom
12515,Italy
17400,United Kingdom
17593,United Kingdom
13953,United Kingdom
14533,United Kingdom
12734,France
14944,United Kingdom
17239,United Kingdom
14532,United Kingdom
12383,Belgium
15562,United Kingdom
15587,United Kingdom
13922,United Kingdom
13817,Germany
12585,Germany
13165,United Kingdom
13304,United Kingdom
13313,United Kingdom
16875,United Kingdom
16282,United Kingdom
12957,United Kingdom
14462,United Kingdom
13397,United Kingdom
13680,United Kingdom
12483,Sweden
15164,United Kingdom
17457,United Kingdom
14732,United Kingdom
14221,United Kingdom
14553,United Kingdom
13253,United Kingdom
17389,United Kingdom
12578,Italy
15841,United Kingdom
16112,United Kingdom
13629,United Kingdom
16600,United Kingdom
15661,United Kingdom
16532,United Kingdom
15266,United Kingdom
14653,United Kingdom
16771,United Kingdom
17585,United Kingdom
15046,United Kingdom
13082,United Kingdom
15464,United Kingdom
18226,United Kingdom
18062,United Kingdom
12415,Australia
12503,Spain
17368,United Kingdom
14258,United Kingdom
15719,United Kingdom
13368,United Kingdom
17634,United Kingdom
16676,United Kingdom
16424,United Kingdom
18283,United Kingdom
12735,France
13764,United Kingdom
13656,United Kingdom
12413,France
14312,United Kingdom
13280,United Kingdom
15845,United Kingdom
16094,United Kingdom
13187,United Kingdom
16567,United Kingdom
14828,United Kingdom
12530,Germany
16551,United Kingdom
16889,United Kingdom
16473,United Kingdom
13750,United Kingdom
12501,Germany
15607,United Kingdom
15139,United Kingdom
12489,France
17707,United Kingdom
18198,United Kingdom
12484,Spain
18179,United Kingdom
17284,United Kingdom
13233,United Kingdom
14889,United Kingdom
12480,Germany
14672,United Kingdom
13593,United Kingdom
13162,United Kingdom
13183,United Kingdom
17095,United Kingdom
12939,United Kingdom
15611,United Kingdom
17114,United Kingdom
15059,United Kingdom
16326,United Kingdom
17128,United Kingdom
14761,United Kingdom
17555,United Kingdom
12651,France
16735,United Kingdom
16833,United Kingdom
17800,United Kingdom
16748,United Kingdom
14755,United Kingdom
16549,United Kingdom
13565,United Kingdom
15799,United Kingdom
18032,United Kingdom
13451,United Kingdom
14794,United Kingdom
12539,Spain
12500,Germany
18171,United Kingdom
16279,United Kingdom
12524,Germany
17811,United Kingdom
16850,United Kingdom
14321,United Kingdom
15326,United Kingdom
17849,United Kingdom
13672,United Kingdom
14229,United Kingdom
13107,United Kingdom
16497,United Kingdom
16303,United Kingdom
15281,United Kingdom
12736,France
13473,United Kingdom
14320,United Kingdom
12393,Australia
17742,United Kingdom
16351,United Kingdom
12601,Germany
13144,United Kingdom
15346,United Kingdom
15370,United Kingdom
12643,France
14295,United Kingdom
16034,United Kingdom
17365,United Kingdom
15189,United Kingdom
14669,United Kingdom
18095,United Kingdom
15518,United Kingdom
15749,United Kingdom
14209,United Kingdom
15569,United Kingdom
12728,France
17569,United Kingdom
13784,United Kingdom
12724,France
13862,United Kingdom
16791,United Kingdom
16235,United Kingdom
14270,United Kingdom
12665,Germany
12523,France
16655,United Kingdom
16359,United Kingdom
16554,United Kingdom
12359,Cyprus
15939,United Kingdom
14587,United Kingdom
14715,United Kingdom
14185,United Kingdom
12437,France
14040,United Kingdom
12652,France
14514,United Kingdom
15171,United Kingdom
14167,United Kingdom
17048,United Kingdom
17364,United Kingdom
13284,United Kingdom
16500,United Kingdom
12951,United Kingdom
15835,United Kingdom
18190,United Kingdom
13993,United Kingdom
14114,United Kingdom
15447,United Kingdom
16315,United Kingdom
14978,United Kingdom
16395,United Kingdom
15510,United Kingdom
13614,United Kingdom
13246,United Kingdom
15687,United Kingdom
16493,United Kingdom
12490,France
12672,France
13385,United Kingdom
15626,United Kingdom
12553,France
15213,United Kingdom
14175,United Kingdom
18106,United Kingdom
15033,United Kingdom
14329,United Kingdom
16401,United Kingdom
16206,United Kingdom
13782,United Kingdom
12924,United Kingdom
16593,United Kingdom
13700,United Kingdom
13064,United Kingdom
13048,United Kingdom
18069,United Kingdom
13634,United Kingdom
16843,United Kingdom
17064,United Kingdom
17609,United Kingdom
15673,United Kingdom
12626,Germany
14976,United Kingdom
12388,Australia
13527,United Kingdom
15696,United Kingdom
15316,United Kingdom
12673,Germany
15296,United Kingdom
17988,United Kingdom
12820,United Kingdom
13001,United Kingdom
14101,United Kingdom
14238,United Kingdom
17730,United Kingdom
13929,United Kingdom
14657,United Kingdom
13859,United Kingdom
18212,United Kingdom
14292,United Kingdom
13883,United Kingdom
18233,United Kingdom
17018,United Kingdom
14242,United Kingdom
12356,Portugal
12346,United Kingdom
13898,United Kingdom
16948,United Kingdom
16997,United Kingdom
12527,Germany
15395,United Kingdom
12510,Spain
13693,United Kingdom
13263,United Kingdom
14428,United Kingdom
12451,Switzerland
12422,Australia
17708,United Kingdom
14090,United Kingdom
15606,United Kingdom
15831,United Kingdom
13310,United Kingdom
14916,United Kingdom
17602,United Kingdom
14572,United Kingdom
13502,United Kingdom
14784,United Kingdom
15938,United Kingdom
12637,France
17418,United Kingdom
14779,United Kingdom
16321,Australia
15262,United Kingdom
17862,United Kingdom
16892,United Kingdom
12402,Belgium
17771,United Kingdom
15422,United Kingdom
14770,United Kingdom
16912,United Kingdom
15174,United Kingdom
14895,United Kingdom
12594,Italy
17504,United Kingdom
16387,United Kingdom
12664,Finland
16618,United Kingdom
17277,United Kingdom
14088,United Kingdom
17094,United Kingdom
14692,United Kingdom
12970,United Kingdom
17889,United Kingdom
17644,United Kingdom
17714,United Kingdom
12916,United Kingdom
17769,United Kingdom
14450,United Kingdom
16085,United Kingdom
13659,United Kingdom
15167,United Kingdom
15443,United Kingdom
14224,United Kingdom
13742,United Kingdom
17673,United Kingdom
12727,France
14068,United Kingdom
13068,United Kingdom
14368,United Kingdom
15497,United Kingdom
12559,Germany
13819,United Kingdom
14501,United Kingdom
14782,United Kingdom
17861,United Kingdom
14439,Greece
18161,United Kingdom
15820,United Kingdom
18136,United Kingdom
16660,United Kingdom
12693,Germany
12625,Germany
13396,United Kingdom
12935,United Kingdom
16730,United Kingdom
14541,United Kingdom
13551,United Kingdom
12421,Spain
15797,United Kingdom
15052,United Kingdom
14130,United Kingdom
15222,United Kingdom
13615,United Kingdom
13901,United Kingdom
13158,United Kingdom
14257,United Kingdom
15218,United Kingdom
15110,United Kingdom
14534,United Kingdom
15967,United Kingdom
16757,United Kingdom
12854,United Kingdom
13815,Germany
18008,United Kingdom
18277,United Kingdom
14389,United Kingdom
13703,United Kingdom
15339,United Kingdom
12744,Singapore
16222,United Kingdom
14341,United Kingdom
13168,United Kingdom
16943,United Kingdom
17515,United Kingdom
17082,United Kingdom
14248,United Kingdom
12609,Germany
13002,United Kingdom
16133,United Kingdom
13049,United Kingdom
14548,United Kingdom
13405,United Kingdom
14049,United Kingdom
16043,United Kingdom
15812,United Kingdom
13837,United Kingdom
17118,United Kingdom
14616,United Kingdom
14233,United Kingdom
17075,United Kingdom
16714,United Kingdom
13098,United Kingdom
17027,United Kingdom
12591,Italy
17786,United Kingdom
16124,United Kingdom
16409,United Kingdom
13754,United Kingdom
15227,United Kingdom
12997,United Kingdom
15215,United Kingdom
16918,United Kingdom
16882,United Kingdom
14442,Channel Islands
16496,United Kingdom
12764,Lebanon
17311,United Kingdom
15910,United Kingdom
16949,United Kingdom
14970,United Kingdom
14701,United Kingdom
12645,Germany
12468,Germany
16767,United Kingdom
14738,United Kingdom
17540,United Kingdom
14239,United Kingdom
18125,United Kingdom
13328,United Kingdom
15549,United Kingdom
15864,United Kingdom
14662,United Kingdom
17180,United Kingdom
15057,United Kingdom
12574,France
13330,United Kingdom
13552,United Kingdom
12853,United Kingdom
13538,United Kingdom
16755,United Kingdom
14133,United Kingdom
16523,United Kingdom
14659,United Kingdom
13141,United Kingdom
15365,United Kingdom
13707,United Kingdom
13709,United Kingdom
17329,United Kingdom
14805,United Kingdom
16897,United Kingdom
15579,United Kingdom
14595,United Kingdom
13161,United Kingdom
15415,United Kingdom
17431,United Kingdom
17463,United Kingdom
14502,United Kingdom
12528,Germany
15448,United Kingdom
17314,United Kingdom
17373,United Kingdom
18145,United Kingdom
14467,United Kingdom
12908,United Kingdom
15144,United Kingdom
14776,United Kingdom
16403,United Kingdom
16407,United Kingdom
17619,United Kingdom
12778,Netherlands
17256,United Kingdom
17604,United Kingdom
14006,United Kingdom
13600,United Kingdom
15058,United Kingdom
17147,United Kingdom
13881,United Kingdom
16612,United Kingdom
14627,United Kingdom
17356,United Kingdom
12477,Germany
12836,United Kingdom
13939,United Kingdom
16745,United Kingdom
13606,United Kingdom
13494,United Kingdom
12929,United Kingdom
16419,United Kingdom
17035,United Kingdom
15203,United Kingdom
16515,United Kingdom
12373,Austria
18202,United Kingdom
12775,Netherlands
14549,United Kingdom
15981,United Kingdom
16110,United Kingdom
17376,United Kingdom
13110,United Kingdom
16716,United Kingdom
12676,Sweden
15940,United Kingdom
15971,United Kingdom
14665,United Kingdom
14457,United Kingdom
15589,United Kingdom
14411,United Kingdom
17560,United Kingdom
15226,United Kingdom
14460,United Kingdom
16156,United Kingdom
13728,United Kingdom
14127,United Kingdom
16378,United Kingdom
13894,United Kingdom
13824,United Kingdom
18250,United Kingdom
15270,United Kingdom
14188,United Kingdom
18017,United Kingdom
15421,United Kingdom
17446,United Kingdom
12414,Austria
14798,United Kingdom
12990,United Kingdom
12350,Norway
16992,United Kingdom
17337,United Kingdom
16405,United Kingdom
17071,United Kingdom
13873,United Kingdom
17362,United Kingdom
13394,United Kingdom
12502,Spain
16333,United Kingdom
16030,United Kingdom
14044,United Kingdom
13800,United Kingdom
17672,United Kingdom
12464,Belgium
13581,United Kingdom
14540,United Kingdom
13539,United Kingdom
15885,United Kingdom
14497,United Kingdom
17507,United Kingdom
13208,United Kingdom
17334,United Kingdom
13871,United Kingdom
16938,United Kingdom
12754,Japan
12410,Switzerland
17929,United Kingdom
14778,United Kingdom
17517,United Kingdom
17226,United Kingdom
13137,United Kingdom
13725,United Kingdom
13309,United Kingdom
12842,United Kingdom
16109,United Kingdom
17291,United Kingdom
15090,United Kingdom
15199,United Kingdom
13911,United Kingdom
14194,United Kingdom
14842,United Kingdom
13584,United Kingdom
17105,United Kingdom
14438,United Kingdom
12956,United Kingdom
15781,United Kingdom
14410,United Kingdom
14600,United Kingdom
17302,United Kingdom
17613,United Kingdom
13334,United Kingdom
13955,United Kingdom
17162,United Kingdom
17774,United Kingdom
13809,Cyprus
15407,United Kingdom
15577,United Kingdom
16332,United Kingdom
14048,United Kingdom
14475,United Kingdom
17859,United Kingdom
12576,Poland
15753,United Kingdom
12599,France
14562,United Kingdom
16951,United Kingdom
16998,United Kingdom
13133,United Kingdom
17881,United Kingdom
15843,United Kingdom
17083,United Kingdom
15970,United Kingdom
13590,United Kingdom
17537,United Kingdom
12401,Belgium
12462,Spain
17843,United Kingdom
13706,United Kingdom
17940,United Kingdom
17686,United Kingdom
14431,United Kingdom
15809,United Kingdom
12561,Germany
14465,United Kingdom
18093,United Kingdom
16027,United Kingdom
12857,United Kingdom
16425,United Kingdom
16842,United Kingdom
15796,United Kingdom
14555,United Kingdom
15114,United Kingdom
15133,United Kingdom
17705,United Kingdom
18087,United Kingdom
12897,United Kingdom
17512,United Kingdom
15550,United Kingdom
14676,United Kingdom
12505,Italy
18159,United Kingdom
14304,United Kingdom
15638,United Kingdom
12943,United Kingdom
13875,United Kingdom
15406,United Kingdom
18084,United Kingdom
17282,United Kingdom
16434,United Kingdom
17050,United Kingdom
13171,United Kingdom
17472,United Kingdom
17255,United Kingdom
16084,United Kingdom
17667,United Kingdom
12507,Spain
14631,United Kingdom
13381,United Kingdom
15236,United Kingdom
13475,United Kingdom
17829,United Arab Emirates
13717,United Kingdom
13157,United Kingdom
14644,United Kingdom
12993,United Kingdom
17571,United Kingdom
16979,United Kingdom
16738,United Kingdom
15122,United Kingdom
17612,United Kingdom
17348,United Kingdom
13893,United Kingdom
14035,United Kingdom
13623,United Kingdom
14346,United Kingdom
16431,United Kingdom
12616,France
16317,United Kingdom
14935,Channel Islands
16073,United Kingdom
14477,United Kingdom
14760,United Kingdom
14897,United Kingdom
15810,United Kingdom
16509,United Kingdom
14386,United Kingdom
12455,Cyprus
14530,United Kingdom
15670,United Kingdom
12653,Israel
16126,United Kingdom
14609,United Kingdom
13414,United Kingdom
12823,United Kingdom
12352,Norway
12372,Denmark
16494,United Kingdom
14959,United Kingdom
16148,United Kingdom
17422,United Kingdom
17175,United Kingdom
18257,United Kingdom
12362,Belgium
13018,United Kingdom
13718,United Kingdom
15382,United Kingdom
14754,United Kingdom
13151,United Kingdom
12654,Germany
13085,United Kingdom
15903,United Kingdom
15785,United Kingdom
18138,United Kingdom
14379,United Kingdom
14211,United Kingdom
14371,United Kingdom
13425,United Kingdom
12852,United Kingdom
15228,United Kingdom
13012,United Kingdom
16182,United Kingdom
13489,United Kingdom
12714,France
13904,United Kingdom
15755,United Kingdom
13932,United Kingdom
13799,United Kingdom
13951,United Kingdom
16765,United Kingdom
18172,United Kingdom
16566,United Kingdom
12891,United Kingdom
16466,United Kingdom
16115,United Kingdom
14162,United Kingdom
13301,United Kingdom
14803,United Kingdom
13744,United Kingdom
12988,United Kingdom
17323,United Kingdom
12707,France
18094,United Kingdom
15129,United Kingdom
17361,United Kingdom
18155,United Kingdom
15321,United Kingdom
13477,United Kingdom
15065,United Kingdom
16980,United Kingdom
15146,United Kingdom
12365,Cyprus
13410,United Kingdom
13044,United Kingdom
16441,United Kingdom
16014,United Kingdom
14520,United Kingdom
17994,United Kingdom
13038,United Kingdom
17002,United Kingdom
15722,United Kingdom
16349,United Kingdom
16913,United Kingdom
18114,United Kingdom
15303,United Kingdom
12845,United Kingdom
18188,United Kingdom
16045,United Kingdom
16573,United Kingdom
13421,United Kingdom
18196,United Kingdom
13285,United Kingdom
13184,United Kingdom
18151,United Kingdom
13804,United Kingdom
17499,United Kingdom
15397,United Kingdom
14276,United Kingdom
13453,United Kingdom
16394,United Kingdom
17711,United Kingdom
13865,United Kingdom
16940,United Kingdom
14289,United Kingdom
16208,United Kingdom
17063,United Kingdom
13149,United Kingdom
18068,United Kingdom
15932,United Kingdom
16692,United Kingdom
15590,United Kingdom
17171,United Kingdom
18231,United Kingdom
14004,United Kingdom
17139,United Kingdom
14513,United Kingdom
13118,United Kingdom
15974,United Kingdom
17830,United Kingdom
12565,Saudi Arabia
12582,Finland
14231,United Kingdom
17867,United Kingdom
14880,United Kingdom
15121,United Kingdom
17117,United Kingdom
12945,United Kingdom
18056,United Kingdom
16072,United Kingdom
16838,United Kingdom
15543,United Kingdom
13751,United Kingdom
15847,United Kingdom
13851,United Kingdom
13501,Switzerland
12633,Germany
13345,United Kingdom
13870,United Kingdom
17034,United Kingdom
16592,United Kingdom
15712,United Kingdom
13362,United Kingdom
14470,United Kingdom
17388,United Kingdom
16841,United Kingdom
13753,United Kingdom
13666,United Kingdom
12361,Belgium
14481,United Kingdom
13792,United Kingdom
17663,United Kingdom
13973,United Kingdom
15990,United Kingdom
13493,Switzerland
13684,United Kingdom
13261,United Kingdom
16598,United Kingdom
14147,United Kingdom
15951,United Kingdom
13971,United Kingdom
17516,United Kingdom
13630,United Kingdom
14157,United Kingdom
13636,United Kingdom
13610,United Kingdom
14745,United Kingdom
12781,Czech Republic
14036,United Kingdom
16057,United Kingdom
15724,United Kingdom
12458,Switzerland
12598,France
13675,United Kingdom
14227,United Kingdom
16668,United Kingdom
16667,United Kingdom
13509,United Kingdom
15874,United Kingdom
16187,United Kingdom
16339,United Kingdom
12509,France
14046,United Kingdom
13292,United Kingdom
16427,United Kingdom
14056,United Kingdom
15656,United Kingdom
12811,Portugal
16518,United Kingdom
17165,United Kingdom
17462,United Kingdom
14620,United Kingdom
14740,United Kingdom
16462,United Kingdom
12428,Finland
16078,United Kingdom
16915,United Kingdom
15676,United Kingdom
15709,United Kingdom
15241,United Kingdom
12933,United Kingdom
15092,United Kingdom
12679,France
15319,United Kingdom
16212,United Kingdom
15257,United Kingdom
14656,United Kingdom
13884,United Kingdom
12866,Belgium
13166,United Kingdom
16389,United Kingdom
15416,United Kingdom
15733,United Kingdom
16678,United Kingdom
12834,United Kingdom
13722,United Kingdom
14934,Channel Islands
15067,United Kingdom
16128,United Kingdom
17770,United Kingdom
15622,United Kingdom
14473,United Kingdom
15104,United Kingdom
15643,United Kingdom
16792,United Kingdom
15031,United Kingdom
15636,United Kingdom
12873,United Kingdom
17923,United Kingdom
16217,United Kingdom
17738,United Kingdom
17426,United Kingdom
16957,United Kingdom
16571,United Kingdom
14483,United Kingdom
15087,United Kingdom
16709,United Kingdom
17856,United Kingdom
15053,United Kingdom
18218,United Kingdom
16159,United Kingdom
17995,United Kingdom
17374,United Kingdom
17789,United Kingdom
17416,United Kingdom
17652,United Kingdom
13476,United Kingdom
12817,Austria
15393,United Kingdom
13014,United Kingdom
17508,Greece
13931,United Kingdom
12541,Spain
13382,United Kingdom
15220,United Kingdom
14570,United Kingdom
14447,United Kingdom
13557,United Kingdom
16449,United Kingdom
12547,Spain
17325,United Kingdom
14995,United Kingdom
16414,United Kingdom
15681,United Kingdom
14670,United Kingdom
15675,United Kingdom
12584,Italy
17535,United Kingdom
15400,United Kingdom
14903,United Kingdom
14499,United Kingdom
18211,United Kingdom
14504,United Kingdom
15572,United Kingdom
17107,United Kingdom
14247,United Kingdom
15554,United Kingdom
14915,United Kingdom
16136,United Kingdom
18280,United Kingdom
12614,Germany
13344,United Kingdom
16621,United Kingdom
16225,United Kingdom
14214,United Kingdom
14012,United Kingdom
16356,United Kingdom
17654,United Kingdom
15026,United Kingdom
16517,United Kingdom
14817,United Kingdom
17092,United Kingdom
16242,United Kingdom
15869,United Kingdom
17817,United Kingdom
15234,United Kingdom
15764,United Kingdom
15806,United Kingdom
15819,United Kingdom
14586,United Kingdom
15944,United Kingdom
13340,United Kingdom
16917,United Kingdom
14407,United Kingdom
13908,United Kingdom
12758,Portugal
13975,United Kingdom
14730,United Kingdom
12623,Germany
14367,United Kingdom
13373,United Kingdom
16712,United Kingdom
17639,United Kingdom
16426,United Kingdom
16495,United Kingdom
14336,United Kingdom
14507,United Kingdom
12759,Netherlands
17049,United Kingdom
15206,United Kingdom
14013,United Kingdom
14645,United Kingdom
15071,United Kingdom
14112,United Kingdom
13026,United Kingdom
12881,United Kingdom
17864,United Kingdom
14936,Channel Islands
17138,United Kingdom
16572,United Kingdom
14165,United Kingdom
15367,United Kingdom
14291,United Kingdom
15632,United Kingdom
14297,United Kingdom
13899,United Kingdom
16471,United Kingdom
18183,United Kingdom
14603,United Kingdom
18173,United Kingdom
14854,United Kingdom
16625,United Kingdom
14064,United Kingdom
15308,United Kingdom
18086,United Kingdom
14350,United Kingdom
14930,Channel Islands
16080,United Kingdom
14727,United Kingdom
16778,United Kingdom
14077,United Kingdom
16808,United Kingdom
16475,United Kingdom
13265,United Kingdom
12520,Germany
15049,United Kingdom
18149,United Kingdom
13654,United Kingdom
16652,United Kingdom
16766,United Kingdom
16801,United Kingdom
17164,United Kingdom
13226,United Kingdom
13043,United Kingdom
14352,United Kingdom
17351,United Kingdom
16768,United Kingdom
16693,United Kingdom
13956,United Kingdom
13708,United Kingdom
15918,United Kingdom
15671,United Kingdom
14962,United Kingdom
16807,United Kingdom
15125,United Kingdom
16871,United Kingdom
12901,United Kingdom
13452,United Kingdom
15493,United Kingdom
16005,United Kingdom
15388,Canada
16804,United Kingdom
13499,United Kingdom
15047,United Kingdom
14193,United Kingdom
17542,United Kingdom
17080,United Kingdom
16392,United Kingdom
15106,United Kingdom
16214,United Kingdom
13716,United Kingdom
15150,United Kingdom
16061,United Kingdom
14226,United Kingdom
13121,United Kingdom
16297,United Kingdom
12994,United Kingdom
16152,United Kingdom
14636,United Kingdom
16040,United Kingdom
15793,United Kingdom
13358,United Kingdom
12849,United Kingdom
15182,United Kingdom
13299,United Kingdom
16383,United Kingdom
15381,United Kingdom
12597,Spain
15030,United Kingdom
12435,Denmark
12955,United Kingdom
18189,United Kingdom
13946,United Kingdom
17716,United Kingdom
13185,United Kingdom
14840,United Kingdom
13216,United Kingdom
13650,United Kingdom
13533,United Kingdom
13268,United Kingdom
15433,United Kingdom
12937,United Kingdom
17603,United Kingdom
16216,United Kingdom
16377,United Kingdom
16976,United Kingdom
12514,Italy
18210,United Kingdom
13631,United Kingdom
14422,United Kingdom
15648,United Kingdom
17725,United Kingdom
15861,United Kingdom
13072,United Kingdom
15695,United Kingdom
14110,United Kingdom
14059,United Kingdom
16672,United Kingdom
16511,United Kingdom
16256,United Kingdom
13591,United Kingdom
14066,United Kingdom
15483,United Kingdom
16626,United Kingdom
15019,United Kingdom
18270,United Kingdom
14315,United Kingdom
17921,United Kingdom
14041,United Kingdom
17060,United Kingdom
16023,United Kingdom
17133,United Kingdom
12878,United Kingdom
14155,United Kingdom
17043,United Kingdom
13046,United Kingdom
14633,United Kingdom
12948,United Kingdom
15703,United Kingdom
14071,United Kingdom
17134,United Kingdom
17795,United Kingdom
12902,United Kingdom
16444,United Kingdom
14232,United Kingdom
14693,United Kingdom
12407,Belgium
16728,United Kingdom
16096,United Kingdom
13985,United Kingdom
13592,United Kingdom
15140,United Kingdom
12843,United Kingdom
14408,United Kingdom
15408,United Kingdom
15445,United Kingdom
15452,United Kingdom
14223,United Kingdom
16619,United Kingdom
14762,United Kingdom
13934,United Kingdom
15669,United Kingdom
16384,United Kingdom
18224,United Kingdom
14245,United Kingdom
17678,United Kingdom
15855,United Kingdom
16036,United Kingdom
17763,United Kingdom
13262,United Kingdom
17152,United Kingdom
14632,United Kingdom
13900,United Kingdom
14875,United Kingdom
15132,United Kingdom
17272,United Kingdom
16135,United Kingdom
12831,United Kingdom
15437,United Kingdom
16809,United Kingdom
14711,United Kingdom
14377,United Kingdom
16374,United Kingdom
13196,United Kingdom
15457,United Kingdom
12613,Germany
16721,United Kingdom
12399,Belgium
17733,United Kingdom
17102,United Kingdom
15410,United Kingdom
13239,United Kingdom
15449,United Kingdom
14870,United Kingdom
13821,United Kingdom
17096,United Kingdom
12604,France
12818,Austria
18191,United Kingdom
14461,United Kingdom
13132,United Kingdom
16859,United Kingdom
15245,United Kingdom
17486,United Kingdom
16308,United Kingdom
12564,France
14607,United Kingdom
13249,United Kingdom
15644,United Kingdom
14075,United Kingdom
17250,United Kingdom
17966,United Kingdom
14129,United Kingdom
15651,United Kingdom
13035,United Kingdom
13341,United Kingdom
13512,United Kingdom
16620,United Kingdom
17698,United Kingdom
14267,United Kingdom
13736,United Kingdom
16022,United Kingdom
14235,United Kingdom
16769,United Kingdom
17754,United Kingdom
12408,Belgium
16063,United Kingdom
15178,United Kingdom
14348,United Kingdom
15815,United Kingdom
13695,United Kingdom
17979,United Kingdom
13139,United Kingdom
12545,Spain
14758,United Kingdom
14536,United Kingdom
13662,United Kingdom
17946,United Kingdom
13743,United Kingdom
18078,United Kingdom
16780,United Kingdom
18273,United Kingdom
15045,United Kingdom
17625,United Kingdom
13357,United Kingdom
16777,United Kingdom
14476,United Kingdom
16245,United Kingdom
12669,France
12792,Portugal
17765,United Kingdom
15083,United Kingdom
18010,United Kingdom
15249,United Kingdom
13760,United Kingdom
15624,United Kingdom
17749,United Kingdom
15068,United Kingdom
14538,United Kingdom
14851,United Kingdom
14021,United Kingdom
13037,United Kingdom
18177,United Kingdom
14128,United Kingdom
17874,United Kingdom
17719,United Kingdom
17931,United Kingdom
13803,United Kingdom
17398,United Kingdom
15906,United Kingdom
16253,United Kingdom
13439,United Kingdom
12888,United Kingdom
13588,United Kingdom
12456,Switzerland
15521,United Kingdom
13720,United Kingdom
15674,United Kingdom
17594,United Kingdom
17775,United Kingdom
13988,United Kingdom
16657,United Kingdom
15424,United Kingdom
13316,United Kingdom
16788,United Kingdom
16584,United Kingdom
15364,United Kingdom
18108,United Kingdom
14272,United Kingdom
15980,United Kingdom
15832,United Kingdom
16092,United Kingdom
15528,United Kingdom
16398,United Kingdom
17088,United Kingdom
17438,United Kingdom
13060,United Kingdom
14790,United Kingdom
14890,United Kingdom
16386,United Kingdom
14818,United Kingdom
13571,United Kingdom
12909,United Kingdom
12619,Germany
16698,United Kingdom
16681,United Kingdom
13573,United Kingdom
14957,United Kingdom
13918,United Kingdom
17212,United Kingdom
17781,United Kingdom
14886,United Kingdom
13626,United Kingdom
16609,United Kingdom
16180,United Kingdom
13462,United Kingdom
18263,United Kingdom
16960,United Kingdom
13841,United Kingdom
17701,United Kingdom
12949,United Kingdom
14852,United Kingdom
12569,Germany
13169,United Kingdom
16162,United Kingdom
15691,United Kingdom
14195,United Kingdom
13781,United Kingdom
17758,United Kingdom
14023,United Kingdom
17669,United Kingdom
16142,United Kingdom
17648,United Kingdom
13059,United Kingdom
16224,United Kingdom
15223,United Kingdom
17886,United Kingdom
13294,United Kingdom
15289,United Kingdom
18185,United Kingdom
17956,United Kingdom
15756,United Kingdom
14747,United Kingdom
14719,United Kingdom
13015,United Kingdom
16586,United Kingdom
16105,United Kingdom
14546,United Kingdom
15442,United Kingdom
16906,United Kingdom
14535,United Kingdom
16170,United Kingdom
15244,United Kingdom
16696,United Kingdom
15145,United Kingdom
17492,United Kingdom
13525,United Kingdom
17409,United Kingdom
17783,United Kingdom
13863,United Kingdom
13515,United Kingdom
15917,United Kingdom
17440,United Kingdom
17045,United Kingdom
17140,United Kingdom
15201,United Kingdom
14964,United Kingdom
16031,United Kingdom
14403,United Kingdom
17042,United Kingdom
13771,United Kingdom
17906,United Kingdom
18272,United Kingdom
16144,United Kingdom
13731,United Kingdom
12580,Germany
14912,Italy
15530,United Kingdom
13950,United Kingdom
13752,United Kingdom
13892,United Kingdom
14446,United Kingdom
16209,United Kingdom
15754,United Kingdom
13712,United Kingdom
15800,United Kingdom
16469,United Kingdom
13005,United Kingdom
14981,United Kingdom
17928,United Kingdom
16261,United Kingdom
17883,United Kingdom
14619,United Kingdom
13995,United Kingdom
16643,United Kingdom
14246,United Kingdom
18040,United Kingdom
16837,United Kingdom
15119,United Kingdom
16325,United Kingdom
14924,United Kingdom
15109,United Kingdom
16623,United Kingdom
12999,United Kingdom
12717,Greece
13962,United Kingdom
18036,United Kingdom
14958,United Kingdom
13562,United Kingdom
15775,United Kingdom
17054,United Kingdom
17268,United Kingdom
13548,United Kingdom
13508,United Kingdom
12447,Belgium
13570,United Kingdom
13232,United Kingdom
18129,United Kingdom
13632,United Kingdom
15665,United Kingdom
17550,United Kingdom
15655,United Kingdom
14286,United Kingdom
16188,United Kingdom
12656,France
15214,United Kingdom
17574,United Kingdom
15737,United Kingdom
18080,United Kingdom
14311,United Kingdom
14339,United Kingdom
12982,United Kingdom
12701,Germany
12596,Spain
14273,United Kingdom
12363,Unspecified
13549,United Kingdom
15414,United Kingdom
13203,United Kingdom
14628,United Kingdom
14326,United Kingdom
15935,United Kingdom
13655,United Kingdom
12910,United Kingdom
13577,United Kingdom
15251,United Kingdom
14111,United Kingdom
17160,United Kingdom
16172,United Kingdom
17972,United Kingdom
12463,Belgium
14844,United Kingdom
17278,United Kingdom
15212,United Kingdom
16729,United Kingdom
14998,United Kingdom
13484,United Kingdom
16697,United Kingdom
14931,Channel Islands
18236,United Kingdom
13740,United Kingdom
16454,United Kingdom
15230,United Kingdom
15134,United Kingdom
16309,United Kingdom
13544,United Kingdom
14262,United Kingdom
13134,United Kingdom
17589,United Kingdom
16097,United Kingdom
13122,United Kingdom
16966,United Kingdom
17746,United Kingdom
16175,United Kingdom
14834,United Kingdom
16348,United Kingdom
15147,United Kingdom
16131,United Kingdom
15813,United Kingdom
17058,United Kingdom
17704,United Kingdom
16933,United Kingdom
13772,United Kingdom
16249,United Kingdom
14198,United Kingdom
13989,United Kingdom
17930,United Kingdom
14154,United Kingdom
14482,United Kingdom
14163,United Kingdom
14105,United Kingdom
17601,United Kingdom
17142,United Kingdom
13811,Germany
12457,Switzerland
15135,United Kingdom
16806,United Kingdom
13952,United Kingdom
13120,United Kingdom
12769,Brazil
13516,United Kingdom
14323,United Kingdom
18079,United Kingdom
12639,Sweden
14700,United Kingdom
15027,United Kingdom
17367,United Kingdom
18213,United Kingdom
17029,United Kingdom
13220,United Kingdom
15985,United Kingdom
16193,United Kingdom
15172,United Kingdom
13692,United Kingdom
15745,United Kingdom
17582,United Kingdom
13474,United Kingdom
17697,United Kingdom
16639,United Kingdom
16947,United Kingdom
15491,United Kingdom
16617,United Kingdom
15265,United Kingdom
16226,United Kingdom
18009,United Kingdom
16399,United Kingdom
14623,United Kingdom
15625,United Kingdom
18064,United Kingdom
15508,United Kingdom
16628,United Kingdom
13647,United Kingdom
15594,United Kingdom
13479,United Kingdom
13735,United Kingdom
13376,United Kingdom
15717,United Kingdom
13719,United Kingdom
16633,United Kingdom
13101,United Kingdom
15225,United Kingdom
14152,United Kingdom
12733,USA
15436,United Kingdom
17217,United Kingdom
17734,United Kingdom
14905,United Kingdom
14148,United Kingdom
16103,United Kingdom
14626,United Kingdom
14868,United Kingdom
18246,United Kingdom
13485,United Kingdom
15517,United Kingdom
17115,United Kingdom
17120,United Kingdom
16611,United Kingdom
15912,United Kingdom
12506,France
12670,France
17588,United Kingdom
14759,United Kingdom
16185,United Kingdom
13505,Switzerland
13389,United Kingdom
12354,Spain
17631,United Kingdom
17061,United Kingdom
17718,United Kingdom
17630,United Kingdom
13223,United Kingdom
16146,United Kingdom
17109,United Kingdom
16587,United Kingdom
12622,Germany
16750,United Kingdom
13482,United Kingdom
14512,United Kingdom
17670,United Kingdom
16834,United Kingdom
15108,European Community
16942,United Kingdom
14640,United Kingdom
16823,United Kingdom
15237,United Kingdom
12573,France
17854,United Kingdom
18220,United Kingdom
17436,United Kingdom
16965,United Kingdom
12840,United Kingdom
15891,United Kingdom
17187,United Kingdom
13637,United Kingdom
17991,United Kingdom
16418,United Kingdom
16099,United Kingdom
15768,United Kingdom
16637,United Kingdom
14240,United Kingdom
15143,United Kingdom
13229,United Kingdom
14973,United Kingdom
14271,United Kingdom
15952,United Kingdom
16227,United Kingdom
17893,United Kingdom
14022,United Kingdom
15210,United Kingdom
16370,United Kingdom
15376,United Kingdom
14655,United Kingdom
17615,United Kingdom
16055,United Kingdom
14149,United Kingdom
17501,United Kingdom
14191,United Kingdom
13282,United Kingdom
15582,United Kingdom
16230,United Kingdom
18146,United Kingdom
15976,United Kingdom
17443,Canada
12886,United Kingdom
17974,United Kingdom
13524,United Kingdom
17955,United Kingdom
15128,United Kingdom
16610,United Kingdom
17394,United Kingdom
14173,United Kingdom
16258,United Kingdom
14948,United Kingdom
17384,United Kingdom
16990,United Kingdom
13762,United Kingdom
12593,France
14340,United Kingdom
17429,United Kingdom
13711,United Kingdom
14515,United Kingdom
16457,United Kingdom
17527,United Kingdom
14199,United Kingdom
13888,United Kingdom
14423,United Kingdom
14697,United Kingdom
17522,United Kingdom
13867,United Kingdom
17624,United Kingdom
14393,United Kingdom
17578,United Kingdom
13450,United Kingdom
17423,United Kingdom
18241,United Kingdom
15668,United Kingdom
16319,United Kingdom
15757,United Kingdom
17174,United Kingdom
13365,United Kingdom
18227,United Kingdom
14145,United Kingdom
18235,United Kingdom
13741,United Kingdom
12394,Belgium
16832,United Kingdom
15258,United Kingdom
15552,United Kingdom
18170,United Kingdom
13723,United Kingdom
14005,United Kingdom
15561,United Kingdom
16121,United Kingdom
18142,United Kingdom
13642,United Kingdom
15117,United Kingdom
13561,United Kingdom
15704,United Kingdom
16007,United Kingdom
16232,United Kingdom
17410,United Kingdom
13835,United Kingdom
13427,United Kingdom
14353,United Kingdom
12700,France
13003,United Kingdom
16756,United Kingdom
13492,Switzerland
16440,United Kingdom
18120,United Kingdom
12355,Bahrain
17723,United Kingdom
14699,United Kingdom
12821,United Kingdom
13055,United Kingdom
13320,United Kingdom
16357,United Kingdom
18242,United Kingdom
15865,United Kingdom
17597,United Kingdom
14397,United Kingdom
13242,United Kingdom
12684,France
14288,United Kingdom
15063,United Kingdom
12592,Germany
14591,United Kingdom
13990,United Kingdom
12749,United Kingdom
16320,Unspecified
14691,United Kingdom
16229,United Kingdom
14920,United Kingdom
17489,United Kingdom
13404,United Kingdom
15729,United Kingdom
16644,United Kingdom
14731,United Kingdom
14277,France
15187,United Kingdom
13052,United Kingdom
18133,United Kingdom
17664,United Kingdom
14649,United Kingdom
13235,United Kingdom
14883,United Kingdom
12976,United Kingdom
14681,United Kingdom
14421,United Kingdom
16116,United Kingdom
14988,United Kingdom
15489,United Kingdom
14364,United Kingdom
16006,United Kingdom
16184,United Kingdom
17932,United Kingdom
18221,United Kingdom
12590,Germany
14853,United Kingdom
17658,United Kingdom
17764,United Kingdom
14651,United Kingdom
14000,United Kingdom
13601,United Kingdom
12757,Portugal
17970,United Kingdom
12770,Japan
15826,United Kingdom
15907,United Kingdom
12695,France
14342,United Kingdom
14873,United Kingdom
14689,United Kingdom
15440,United Kingdom
16076,United Kingdom
15333,United Kingdom
16283,United Kingdom
17263,United Kingdom
16877,United Kingdom
12674,France
16642,United Kingdom
12871,United Kingdom
14038,United Kingdom
14489,United Kingdom
14888,United Kingdom
17190,United Kingdom
13456,United Kingdom
17898,United Kingdom
13976,United Kingdom
16139,United Kingdom
15730,United Kingdom
16266,United Kingdom
15123,United Kingdom
17505,United Kingdom
12690,France
16446,United Kingdom
17556,United Kingdom
14583,United Kingdom
16818,United Kingdom
13572,United Kingdom
14009,United Kingdom
13258,United Kingdom
14463,United Kingdom
13192,United Kingdom
16987,United Kingdom
13417,United Kingdom
17047,United Kingdom
15116,United Kingdom
17469,United Kingdom
16647,United Kingdom
15630,United Kingdom
17245,United Kingdom
16008,United Kingdom
17871,United Kingdom
13529,United Kingdom
12620,France
15599,United Kingdom
16813,United Kingdom
14859,United Kingdom
16463,United Kingdom
15791,United Kingdom
13658,United Kingdom
13887,United Kingdom
12353,Bahrain
14551,United Kingdom
17166,United Kingdom
17926,United Kingdom
13391,United Kingdom
17455,United Kingdom
13308,United Kingdom
13856,United Kingdom
13243,United Kingdom
15095,United Kingdom
18048,United Kingdom
18287,United Kingdom
18150,United Kingdom
16690,United Kingdom
13555,United Kingdom
16038,United Kingdom
13972,United Kingdom
13227,United Kingdom
13657,United Kingdom
17176,United Kingdom
14837,United Kingdom
14682,United Kingdom
14921,United Kingdom
16341,United Kingdom
14647,United Kingdom
12710,Germany
15292,United Kingdom
15705,United Kingdom
13339,United Kingdom
13885,United Kingdom
12360,Austria
13546,United Kingdom
17715,United Kingdom
18160,United Kingdom
15434,United Kingdom
15734,United Kingdom
13737,United Kingdom
13213,United Kingdom
18018,United Kingdom
15314,United Kingdom
17521,United Kingdom
15042,United Kingdom
12863,United Kingdom
16091,United Kingdom
15804,United Kingdom
14593,United Kingdom
14287,United Kingdom
16763,United Kingdom
14705,United Kingdom
12562,France
12815,Poland
14522,United Kingdom
16448,United Kingdom
14584,United Kingdom
12974,United Kingdom
12987,United Kingdom
14816,United Kingdom
15852,United Kingdom
16624,United Kingdom
12493,France
18232,United Kingdom
18073,United Kingdom
16369,United Kingdom
14280,United Kingdom
13135,United Kingdom
17345,United Kingdom
16275,United Kingdom
14338,United Kingdom
15402,United Kingdom
12876,Belgium
16323,United Kingdom
12426,Germany
14451,United Kingdom
14823,United Kingdom
15897,United Kingdom
17051,United Kingdom
15925,United Kingdom
12787,Netherlands
15863,United Kingdom
16483,United Kingdom
13398,United Kingdom
13070,United Kingdom
14819,United Kingdom
12790,Netherlands
15163,United Kingdom
18204,United Kingdom
15124,United Kingdom
12473,Germany
16969,United Kingdom
14597,United Kingdom
13917,United Kingdom
13062,United Kingdom
16484,United Kingdom
15184,United Kingdom
18135,United Kingdom
14453,United Kingdom
17900,United Kingdom
13437,United Kingdom
12517,Germany
16529,United Kingdom
17531,United Kingdom
16239,United Kingdom
14500,United Kingdom
16117,United Kingdom
13248,United Kingdom
16967,United Kingdom
15405,United Kingdom
16659,United Kingdom
16880,United Kingdom
13435,United Kingdom
13131,United Kingdom
14891,United Kingdom
16682,United Kingdom
15453,United Kingdom
16963,United Kingdom
13682,United Kingdom
15152,United Kingdom
15462,United Kingdom
12449,Belgium
15349,United Kingdom
16849,United Kingdom
12802,Netherlands
15073,United Kingdom
16298,United Kingdom
12535,France
18248,United Kingdom
15386,United Kingdom
17252,United Kingdom
14542,United Kingdom
16825,United Kingdom
12380,Belgium
18072,United Kingdom
13643,United Kingdom
15969,United Kingdom
13283,United Kingdom
17015,United Kingdom
14375,United Kingdom
17124,United Kingdom
17987,United Kingdom
13395,United Kingdom
17828,Malta
15743,United Kingdom
17414,United Kingdom
14622,United Kingdom
15609,United Kingdom
14561,United Kingdom
16872,United Kingdom
16358,United Kingdom
15238,United Kingdom
13466,United Kingdom
17360,United Kingdom
13510,United Kingdom
12406,Denmark
14241,United Kingdom
14132,United Kingdom
14963,United Kingdom
17169,United Kingdom
15252,United Kingdom
17731,United Kingdom
16113,United Kingdom
12694,France
16107,United Kingdom
17483,United Kingdom
15679,United Kingdom
13686,United Kingdom
16581,United Kingdom
15267,United Kingdom
17234,United Kingdom
17797,United Kingdom
16614,United Kingdom
12409,Switzerland
15411,United Kingdom
14178,United Kingdom
15098,United Kingdom
18281,United Kingdom
14984,United Kingdom
12516,Germany
17265,United Kingdom
13617,United Kingdom
17242,United Kingdom
17289,United Kingdom
16018,United Kingdom
14704,United Kingdom
16794,United Kingdom
13761,United Kingdom
13517,United Kingdom
13936,United Kingdom
16342,United Kingdom
14177,United Kingdom
12732,France
16205,United Kingdom
15036,United Kingdom
13589,United Kingdom
17579,United Kingdom
15069,United Kingdom
17349,United Kingdom
13080,United Kingdom
13663,United Kingdom
14503,United Kingdom
16774,United Kingdom
13384,United Kingdom
17101,United Kingdom
14997,United Kingdom
17155,United Kingdom
12809,Portugal
16461,United Kingdom
13343,United Kingdom
12624,France
18165,United Kingdom
17536,United Kingdom
16324,United Kingdom
17651,United Kingdom
14222,United Kingdom
15585,United Kingdom
17490,United Kingdom
16739,United Kingdom
16276,United Kingdom
17193,United Kingdom
16257,United Kingdom
14285,United Kingdom
17642,United Kingdom
12816,Poland
13826,United Kingdom
13575,United Kingdom
17157,United Kingdom
16852,United Kingdom
15219,United Kingdom
15014,United Kingdom
14765,United Kingdom
16869,United Kingdom
15909,United Kingdom
13618,United Kingdom
16050,United Kingdom
17879,United Kingdom
17562,United Kingdom
15334,United Kingdom
12450,Spain
13568,United Kingdom
14820,United Kingdom
16744,United Kingdom
15700,United Kingdom
17299,United Kingdom
12837,United Kingdom
15076,United Kingdom
17444,Canada
15921,United Kingdom
15747,United Kingdom
15840,United Kingdom
15016,United Kingdom
14808,United Kingdom
12904,United Kingdom
15825,United Kingdom
12432,Norway
15389,United Kingdom
15280,United Kingdom
17159,United Kingdom
12830,United Kingdom
15507,United Kingdom
18252,United Kingdom
16526,United Kingdom
17695,United Kingdom
12930,United Kingdom
14960,United Kingdom
12444,Norway
17960,United Kingdom
15412,United Kingdom
13763,United Kingdom
12798,Japan
13849,United Kingdom
16114,United Kingdom
13420,United Kingdom
13780,United Kingdom
17877,United Kingdom
16247,United Kingdom
15041,United Kingdom
12379,Belgium
16287,United Kingdom
12919,United Kingdom
15130,United Kingdom
12704,Finland
17370,United Kingdom
17709,United Kingdom
15253,United Kingdom
13300,United Kingdom
17759,United Kingdom
12465,Belgium
12412,Denmark
12697,Sweden
13937,United Kingdom
12615,France
15850,United Kingdom
15186,United Kingdom
13791,United Kingdom
14795,United Kingdom
17768,United Kingdom
18112,United Kingdom
12548,Spain
17386,United Kingdom
14104,United Kingdom
17110,United Kingdom
13895,United Kingdom
16545,United Kingdom
16671,United Kingdom
14351,United Kingdom
17391,United Kingdom
16824,United Kingdom
17750,United Kingdom
16200,United Kingdom
17997,United Kingdom
14383,United Kingdom
13461,United Kingdom
17408,United Kingdom
15537,United Kingdom
14327,United Kingdom
17837,United Kingdom
12424,Australia
15578,United Kingdom
15584,United Kingdom
13745,United Kingdom
16498,United Kingdom
17891,United Kingdom
17123,United Kingdom
16866,United Kingdom
13730,United Kingdom
16589,United Kingdom
12922,United Kingdom
16009,United Kingdom
14053,United Kingdom
17939,United Kingdom
17312,United Kingdom
13833,United Kingdom
17899,United Kingdom
15007,United Kingdom
17464,United Kingdom
18265,United Kingdom
16344,United Kingdom
13338,United Kingdom
17024,United Kingdom
14034,United Kingdom
18203,United Kingdom
16616,United Kingdom
16338,United Kingdom
17046,United Kingdom
13109,United Kingdom
16829,United Kingdom
13217,United Kingdom
14002,United Kingdom
12977,United Kingdom
13291,United Kingdom
13583,United Kingdom
16929,United Kingdom
17892,United Kingdom
15505,United Kingdom
14459,United Kingdom
18013,United Kingdom
13681,United Kingdom
13699,United Kingdom
14493,United Kingdom
13486,United Kingdom
13302,United Kingdom
16012,United Kingdom
12635,Germany
17031,United Kingdom
12461,Switzerland
12648,Germany
18121,United Kingdom
15901,United Kingdom
14918,United Kingdom
15920,United Kingdom
17353,United Kingdom
18024,United Kingdom
15467,United Kingdom
16174,United Kingdom
13678,United Kingdom
14690,United Kingdom
13058,United Kingdom
14552,United Kingdom
12556,Spain
13224,United Kingdom
16989,United Kingdom
12358,Austria
13207,United Kingdom
18122,United Kingdom
12722,France
17405,United Kingdom
13311,United Kingdom
15051,United Kingdom
15895,United Kingdom
15795,United Kingdom
13669,United Kingdom
16450,United Kingdom
13667,United Kingdom
14400,United Kingdom
12405,Finland
14265,Unspecified
14847,United Kingdom
14862,United Kingdom
16488,United Kingdom
15256,United Kingdom
14716,United Kingdom
13933,United Kingdom
14857,United Kingdom
15306,United Kingdom
15839,United Kingdom
13994,United Kingdom
17554,United Kingdom
14332,United Kingdom
17266,United Kingdom
17948,United Kingdom
15004,United Kingdom
14722,United Kingdom
13507,United Kingdom
13967,United Kingdom
16054,United Kingdom
12833,United Kingdom
16474,United Kingdom
17984,United Kingdom
12589,France
17448,United Kingdom
16762,United Kingdom
15369,United Kingdom
13154,United Kingdom
13940,United Kingdom
14029,United Kingdom
14117,United Kingdom
13167,United Kingdom
17779,United Kingdom
13991,United Kingdom
18101,United Kingdom
17065,United Kingdom
13827,United Kingdom
12560,Germany
16764,United Kingdom
18180,United Kingdom
12521,Germany
17866,United Kingdom
15802,United Kingdom
17229,United Kingdom
14456,United Kingdom
16464,United Kingdom
17962,United Kingdom
16149,United Kingdom
14259,United Kingdom
18143,United Kingdom
17935,United Kingdom
14517,United Kingdom
17694,United Kingdom
17660,United Kingdom
16041,United Kingdom
15623,United Kingdom
15829,United Kingdom
15232,United Kingdom
12438,Norway
12627,Germany
13079,United Kingdom
18262,United Kingdom
13563,United Kingdom
15506,United Kingdom
16305,United Kingdom
12864,United Kingdom
17724,United Kingdom
17703,United Kingdom
13116,United Kingdom
14019,United Kingdom
17649,United Kingdom
16178,United Kingdom
17040,United Kingdom
14100,United Kingdom
16557,United Kingdom
13296,United Kingdom
13814,Germany
16364,United Kingdom
17693,United Kingdom
15372,United Kingdom
15618,United Kingdom
13930,United Kingdom
13379,United Kingdom
13194,United Kingdom
16447,United Kingdom
14305,United Kingdom
12397,Belgium
14331,United Kingdom
15261,United Kingdom
15105,United Kingdom
13813,Germany
18268,United Kingdom
14855,United Kingdom
13925,United Kingdom
18237,United Kingdom
12453,Austria
15639,United Kingdom
15118,United Kingdom
15746,United Kingdom
12743,Unspecified
15942,United Kingdom
14143,United Kingdom
15120,United Kingdom
16147,United Kingdom
13277,United Kingdom
18127,United Kingdom
15149,United Kingdom
18081,United Kingdom
14511,United Kingdom
12716,France
15776,United Kingdom
12981,United Kingdom
13106,United Kingdom
13928,United Kingdom
14885,United Kingdom
13388,United Kingdom
15438,United Kingdom
17173,United Kingdom
17941,United Kingdom
14947,United Kingdom
17053,United Kingdom
12534,Germany
12844,United Kingdom
14567,United Kingdom
14937,Channel Islands
12828,United Kingdom
16984,United Kingdom
13023,United Kingdom
17553,United Kingdom
13075,United Kingdom
15342,United Kingdom
12644,Germany
12378,Switzerland
17788,United Kingdom
13850,United Kingdom
14076,United Kingdom
13805,United Kingdom
17887,United Kingdom
13186,United Kingdom
12750,Poland
15374,United Kingdom
17656,United Kingdom
16102,United Kingdom
15089,United Kingdom
14972,United Kingdom
17514,United Kingdom
12917,United Kingdom
12689,France
14768,United Kingdom
17584,United Kingdom
15254,United Kingdom
18099,United Kingdom
15205,United Kingdom
13218,United Kingdom
17267,United Kingdom
16302,United Kingdom
13513,United Kingdom
14720,United Kingdom
18282,United Kingdom
12610,Italy
13200,United Kingdom
14079,United Kingdom
17298,United Kingdom
14024,United Kingdom
16066,United Kingdom
15198,United Kingdom
12885,United Kingdom
17331,United Kingdom
13016,United Kingdom
13500,United Kingdom
15247,United Kingdom
13355,United Kingdom
16053,United Kingdom
13919,Denmark
12384,Switzerland
16292,United Kingdom
12571,France
14116,United Kingdom
14495,United Kingdom
15494,United Kingdom
15608,United Kingdom
17248,United Kingdom
17653,United Kingdom
13645,United Kingdom
15469,United Kingdom
13307,United Kingdom
12381,Norway
17122,United Kingdom
14406,United Kingdom
15683,United Kingdom
14301,United Kingdom
14658,United Kingdom
13621,United Kingdom
16272,United Kingdom
17958,United Kingdom
16836,United Kingdom
16961,United Kingdom
16902,United Kingdom
15706,United Kingdom
15480,Malta
15315,United Kingdom
15653,United Kingdom
13159,United Kingdom
13189,United Kingdom
17637,United Kingdom
12641,Sweden
13470,United Kingdom
15786,United Kingdom
15541,United Kingdom
16734,United Kingdom
16706,United Kingdom
17070,United Kingdom
12688,Israel
12729,France
12962,United Kingdom
13273,United Kingdom
17736,United Kingdom
15472,United Kingdom
12680,France
16582,United Kingdom
17747,United Kingdom
12513,France
15396,United Kingdom
12418,Switzerland
16828,United Kingdom
14712,United Kingdom
12991,United Kingdom
14772,United Kingdom
12364,Belgium
12968,United Kingdom
16330,United Kingdom
14566,Channel Islands
15701,United Kingdom
12518,Germany
14529,United Kingdom
16536,United Kingdom
15313,United Kingdom
15801,United Kingdom
16201,United Kingdom
16555,United Kingdom
16952,United Kingdom
14387,United Kingdom
17073,United Kingdom
18147,United Kingdom
14523,United Kingdom
14418,United Kingdom
12642,Germany
16968,United Kingdom
16723,United Kingdom
13411,United Kingdom
16340,United Kingdom
13236,United Kingdom
14196,United Kingdom
15263,United Kingdom
14314,United Kingdom
16093,United Kingdom
17844,Canada
14687,United Kingdom
14050,United Kingdom
16429,United Kingdom
14055,United Kingdom
12715,Sweden
15663,United Kingdom
18200,United Kingdom
18167,United Kingdom
13644,United Kingdom
17451,United Kingdom
16641,United Kingdom
13812,Germany
14141,United Kingdom
15074,United Kingdom
12492,Germany
17183,United Kingdom
15325,United Kingdom
13778,United Kingdom
14869,United Kingdom
14096,United Kingdom
14108,United Kingdom
12814,Poland
15866,United Kingdom
14660,United Kingdom
13726,United Kingdom
15690,United Kingdom
17777,United Kingdom
16278,United Kingdom
13276,United Kingdom
12436,Norway
13147,United Kingdom
13045,United Kingdom
13099,United Kingdom
12739,United Arab Emirates
14420,United Kingdom
14436,United Kingdom
18027,United Kingdom
12794,Portugal
12832,United Kingdom
16674,United Kingdom
12375,Finland
16173,United Kingdom
14171,United Kingdom
13434,United Kingdom
16761,United Kingdom
14067,United Kingdom
13808,United Kingdom
12851,United Kingdom
14335,Germany
14965,United Kingdom
15136,United Kingdom
16629,United Kingdom
18261,United Kingdom
15307,United Kingdom
16820,United Kingdom
17309,United Kingdom
13949,United Kingdom
14360,United Kingdom
16400,United Kingdom
14208,United Kingdom
12526,Germany
13130,United Kingdom
13210,United Kingdom
17481,United Kingdom
12685,France
17573,United Kingdom
14452,United Kingdom
13889,United Kingdom
15488,United Kingdom
18222,United Kingdom
13244,United Kingdom
17004,United Kingdom
13441,United Kingdom
13823,United Kingdom
12879,United Kingdom
16603,United Kingdom
14824,United Kingdom
16910,United Kingdom
15652,United Kingdom
16362,United Kingdom
15035,United Kingdom
14508,United Kingdom
13272,United Kingdom
17317,United Kingdom
14212,United Kingdom
13372,United Kingdom
18255,United Kingdom
14250,United Kingdom
16796,United Kingdom
14432,United Kingdom
15782,United Kingdom
12883,United Kingdom
12965,United Kingdom
15533,United Kingdom
18215,United Kingdom
18158,United Kingdom
13375,United Kingdom
13431,United Kingdom
16211,United Kingdom
12884,United Kingdom
16141,United Kingdom
17919,United Kingdom
16360,United Kingdom
17433,United Kingdom
13704,United Kingdom
14020,United Kingdom
14359,United Kingdom
16451,United Kingdom
12940,United Kingdom
15216,United Kingdom
15522,United Kingdom
17037,United Kingdom
12822,United Kingdom
15343,United Kingdom
14753,United Kingdom
16959,United Kingdom
18251,United Kingdom
13032,United Kingdom
12895,United Kingdom
17640,United Kingdom
13860,United Kingdom
12756,Japan
18001,United Kingdom
17728,United Kingdom
15933,United Kingdom
14284,United Kingdom
17347,United Kingdom
15103,United Kingdom
15707,United Kingdom
13430,United Kingdom
12566,Germany
13321,United Kingdom
13877,United Kingdom
15272,United Kingdom
15322,United Kingdom
17333,United Kingdom
13518,United Kingdom
14306,United Kingdom
17679,United Kingdom
16160,United Kingdom
15573,United Kingdom
14894,United Kingdom
17434,United Kingdom
15466,United Kingdom
15511,United Kingdom
17846,United Kingdom
16189,United Kingdom
15417,United Kingdom
12995,United Kingdom
14557,United Kingdom
16108,United Kingdom
17144,United Kingdom
16924,United Kingdom
15099,United Kingdom
13323,United Kingdom
14124,United Kingdom
15975,United Kingdom
15523,United Kingdom
16878,United Kingdom
15947,United Kingdom
13247,United Kingdom
13566,United Kingdom
18194,United Kingdom
16689,United Kingdom
16438,United Kingdom
13067,United Kingdom
16460,United Kingdom
13325,United Kingdom
12640,France
13774,United Kingdom
12497,Germany
12752,Norway
15504,United Kingdom
15500,United Kingdom
17557,United Kingdom
13228,United Kingdom
14356,United Kingdom
13416,United Kingdom
17628,United Kingdom
16527,United Kingdom
16428,United Kingdom
15341,United Kingdom
16215,United Kingdom
14164,United Kingdom
15888,United Kingdom
17564,United Kingdom
13356,United Kingdom
12390,Belgium
18228,United Kingdom
17415,United Kingdom
13350,United Kingdom
12550,Spain
16627,United Kingdom
17475,United Kingdom
14951,United Kingdom
14780,United Kingdom
14887,United Kingdom
15399,United Kingdom
17466,United Kingdom
16379,United Kingdom
17172,United Kingdom
15239,United Kingdom
16213,United Kingdom
15603,United Kingdom
14261,United Kingdom
12657,France
15571,United Kingdom
15484,United Kingdom
12936,United Kingdom
16236,United Kingdom
16669,United Kingdom
15398,United Kingdom
12906,United Kingdom
17079,United Kingdom
14125,United Kingdom
17163,United Kingdom
12952,United Kingdom
12579,France
13279,United Kingdom
12425,Portugal
16715,United Kingdom
13519,United Kingdom
12546,Spain
15744,United Kingdom
13127,United Kingdom
15714,United Kingdom
17480,United Kingdom
15763,United Kingdom
15075,United Kingdom
16978,United Kingdom
14014,United Kingdom
16240,United Kingdom
13336,United Kingdom
14652,United Kingdom
15807,United Kingdom
15762,United Kingdom
15475,United Kingdom
15978,United Kingdom
16485,United Kingdom
12488,France
13083,United Kingdom
16169,United Kingdom
17506,United Kingdom
16480,United Kingdom
17006,United Kingdom
17498,United Kingdom
17131,United Kingdom
13536,United Kingdom
15429,United Kingdom
17154,United Kingdom
16594,United Kingdom
16049,United Kingdom
14757,United Kingdom
16198,United Kingdom
13670,United Kingdom
18066,United Kingdom
14806,United Kingdom
12783,Portugal
13429,United Kingdom
15154,United Kingdom
13390,United Kingdom
12925,United Kingdom
13927,United Kingdom
18205,United Kingdom
14908,United Kingdom
13639,United Kingdom
15958,United Kingdom
15492,United Kingdom
15243,United Kingdom
16468,United Kingdom
15344,United Kingdom
13866,United Kingdom
12612,Germany
16999,United Kingdom
13514,United Kingdom
13314,United Kingdom
17805,United Kingdom
18278,United Kingdom
13979,United Kingdom
16181,United Kingdom
15568,United Kingdom
16354,United Kingdom
14412,United Kingdom
16119,United Kingdom
14109,United Kingdom
16157,United Kingdom
15348,United Kingdom
16281,United Kingdom
13924,United Kingdom
14434,United Kingdom
13061,United Kingdom
17513,United Kingdom
16909,United Kingdom
16650,United Kingdom
18192,United Kingdom
17447,United Kingdom
17427,United Kingdom
15175,United Kingdom
13960,United Kingdom
17528,United Kingdom
16361,United Kingdom
13886,United Kingdom
13354,United Kingdom
15050,United Kingdom
13503,United Kingdom
16653,United Kingdom
16574,United Kingdom
13759,United Kingdom
17813,United Kingdom
12718,France
15949,United Kingdom
12703,Germany
13364,United Kingdom
16268,United Kingdom
18053,United Kingdom
16101,United Kingdom
15565,United Kingdom
18217,United Kingdom
13954,United Kingdom
15593,United Kingdom
13095,United Kingdom
15287,United Kingdom
13347,United Kingdom
15185,United Kingdom
16404,United Kingdom
16613,United Kingdom
16591,United Kingdom
15774,United Kingdom
13558,United Kingdom
16930,United Kingdom
16533,United Kingdom
18059,United Kingdom
14488,United Kingdom
16747,United Kingdom
14333,United Kingdom
13635,United Kingdom
17330,United Kingdom
17321,United Kingdom
14815,United Kingdom
15091,United Kingdom
15088,United Kingdom
15930,United Kingdom
16183,United Kingdom
13297,United Kingdom
13801,United Kingdom
16881,United Kingdom
17014,United Kingdom
15255,United Kingdom
14184,United Kingdom
13351,United Kingdom
15739,United Kingdom
12512,Israel
17957,United Kingdom
15276,United Kingdom
15127,United Kingdom
16106,United Kingdom
17666,United Kingdom
13483,United Kingdom
16478,United Kingdom
17382,United Kingdom
12789,Netherlands
16020,United Kingdom
17222,United Kingdom
16803,United Kingdom
13947,United Kingdom
16758,United Kingdom
12719,France
17647,United Kingdom
14054,United Kingdom
12723,France
18033,United Kingdom
13845,United Kingdom
15837,United Kingdom
12628,Germany
13177,United Kingdom
14317,United Kingdom
16295,United Kingdom
13602,United Kingdom
16895,United Kingdom
17295,United Kingdom
13504,United Kingdom
13422,United Kingdom
15264,United Kingdom
16432,United Kingdom
13816,Germany
14518,United Kingdom
13882,United Kingdom
15937,United Kingdom
12923,United Kingdom
17453,United Kingdom
15766,United Kingdom
15300,United Kingdom
13348,United Kingdom
14592,United Kingdom
14792,United Kingdom
17030,United Kingdom
12420,Cyprus
14427,United Kingdom
12519,Germany
13359,United Kingdom
14138,United Kingdom
15297,United Kingdom
13876,United Kingdom
12740,France
17086,United Kingdom
13806,United Kingdom
18096,United Kingdom
13587,United Kingdom
12856,United Kingdom
13419,United Kingdom
17509,United Kingdom
16900,United Kingdom
13689,United Kingdom
13755,United Kingdom
16104,United Kingdom
13259,United Kingdom
16248,United Kingdom
15612,United Kingdom
15787,United Kingdom
16595,United Kingdom
13260,United Kingdom
15821,United Kingdom
18088,United Kingdom
16685,United Kingdom
13193,United Kingdom
13212,United Kingdom
14801,United Kingdom
16380,United Kingdom
16921,United Kingdom
15193,United Kingdom
14027,United Kingdom
16179,United Kingdom
15473,United Kingdom
17425,United Kingdom
18169,United Kingdom
18126,United Kingdom
16688,United Kingdom
16982,United Kingdom
15330,United Kingdom
17186,United Kingdom
13685,United Kingdom
16776,United Kingdom
13980,United Kingdom
13352,United Kingdom
15553,United Kingdom
15886,United Kingdom
17203,United Kingdom
12607,USA
17459,United Kingdom
12772,Portugal
16561,United Kingdom
14121,United Kingdom
12371,Switzerland
17119,United Kingdom
17620,United Kingdom
12824,United Kingdom
14710,United Kingdom
16120,United Kingdom
14624,United Kingdom
16171,United Kingdom
12536,France
13690,United Kingdom
17934,United Kingdom
14642,United Kingdom
12602,France
16753,United Kingdom
17737,United Kingdom
13464,United Kingdom
12667,Finland
12498,Germany
14537,United Kingdom
17279,United Kingdom
14251,United Kingdom
12446,RSA
12631,Finland
14234,United Kingdom
14975,United Kingdom
13853,United Kingdom
16773,United Kingdom
16430,United Kingdom
16793,United Kingdom
18130,United Kingdom
17614,United Kingdom
13858,United Kingdom
14856,United Kingdom
14089,United Kingdom
15478,United Kingdom
16413,United Kingdom
13810,Germany
16416,United Kingdom
13006,United Kingdom
17986,United Kingdom
12454,Spain
14910,United Kingdom
16243,United Kingdom
13878,United Kingdom
16934,United Kingdom
15994,United Kingdom
14547,United Kingdom
16052,United Kingdom
15113,United Kingdom
12475,Germany
16542,United Kingdom
18042,United Kingdom
16563,United Kingdom
17201,United Kingdom
17520,United Kingdom
13923,United Kingdom
16412,United Kingdom
17205,United Kingdom
17534,United Kingdom
15335,United Kingdom
16737,United Kingdom
15066,United Kingdom
17206,United Kingdom
17785,United Kingdom
16932,United Kingdom
16363,United Kingdom
14830,United Kingdom
17244,United Kingdom
15355,United Kingdom
15598,United Kingdom
15637,United Kingdom
16848,United Kingdom
15678,United Kingdom
14015,United Kingdom
13594,United Kingdom
15327,United Kingdom
14861,United Kingdom
14554,United Kingdom
12611,Italy
14179,United Kingdom
15604,United Kingdom
14381,United Kingdom
12572,Germany
16123,United Kingdom
16851,United Kingdom
17148,United Kingdom
17549,United Kingdom
17973,United Kingdom
15610,United Kingdom
15853,United Kingdom
18019,United Kingdom
14698,United Kingdom
16826,United Kingdom
17824,United Kingdom
12522,Germany
15803,United Kingdom
15006,United Kingdom
17350,United Kingdom
14799,United Kingdom
15814,United Kingdom
16260,United Kingdom
14638,United Kingdom
17354,United Kingdom
13245,United Kingdom
14923,United Kingdom
16177,United Kingdom
13366,United Kingdom
16284,United Kingdom
16846,United Kingdom
14484,United Kingdom
13897,United Kingdom
14585,United Kingdom
17125,United Kingdom
15836,United Kingdom
16313,United Kingdom
13460,United Kingdom
12403,Denmark
14967,United Kingdom
15286,United Kingdom
17832,United Kingdom
12646,USA
16015,United Kingdom
16311,United Kingdom
15728,United Kingdom
15740,United Kingdom
13974,United Kingdom
15677,United Kingdom
15000,United Kingdom
16017,United Kingdom
13471,United Kingdom
13598,United Kingdom
18005,United Kingdom
15427,United Kingdom
15022,United Kingdom
17111,United Kingdom
17836,United Kingdom
14629,United Kingdom
15592,United Kingdom
15277,United Kingdom
16491,United Kingdom
15516,United Kingdom
14764,United Kingdom
16742,United Kingdom
15142,United Kingdom
17344,United Kingdom
18240,United Kingdom
17081,United Kingdom
14474,United Kingdom
14139,United Kingdom
15844,United Kingdom
13176,United Kingdom
12398,Switzerland
15345,United Kingdom
16708,United Kingdom
15963,United Kingdom
18045,United Kingdom
13182,United Kingdom
15158,United Kingdom
13028,United Kingdom
13978,United Kingdom
16056,United Kingdom
12812,Japan
16071,United Kingdom
14539,United Kingdom
14550,United Kingdom
17712,United Kingdom
14102,United Kingdom
14598,United Kingdom
15320,United Kingdom
16415,United Kingdom
12448,Spain
12827,United Kingdom
16345,United Kingdom
15993,United Kingdom
17895,United Kingdom
15948,United Kingdom
15659,United Kingdom
18154,United Kingdom
12630,Finland
13363,United Kingdom
18276,United Kingdom
17684,United Kingdom
17878,United Kingdom
14752,United Kingdom
16847,United Kingdom
14971,United Kingdom
17545,United Kingdom
16026,United Kingdom
16513,United Kingdom
12430,Norway
14357,United Kingdom
16855,United Kingdom
16680,United Kingdom
18035,United Kingdom
16648,United Kingdom
16164,United Kingdom
14218,United Kingdom
15096,United Kingdom
18030,United Kingdom
14416,United Kingdom
17839,United Kingdom
16601,United Kingdom
12912,United Kingdom
13278,United Kingdom
14582,United Kingdom
15748,United Kingdom
16079,United Kingdom
17590,United Kingdom
15054,United Kingdom
14158,United Kingdom
15385,United Kingdom
16506,United Kingdom
13822,United Kingdom
18067,United Kingdom
16190,United Kingdom
15444,United Kingdom
13607,United Kingdom
12581,Germany
15360,United Kingdom
13103,United Kingdom
15667,United Kingdom
13651,United Kingdom
12552,Italy
16127,United Kingdom
12588,Finland
15977,United Kingdom
13697,United Kingdom
14345,United Kingdom
17503,United Kingdom
16830,United Kingdom
17495,United Kingdom
12491,France
14485,United Kingdom
13868,United Kingdom
15423,United Kingdom
17668,United Kingdom
16971,United Kingdom
16352,United Kingdom
16884,United Kingdom
15830,United Kingdom
14216,United Kingdom
15275,United Kingdom
16790,United Kingdom
15576,United Kingdom
18105,United Kingdom
18164,United Kingdom
14974,United Kingdom
17947,United Kingdom
13318,United Kingdom
18104,United Kingdom
13271,United Kingdom
17595,United Kingdom
14528,United Kingdom
17432,United Kingdom
16337,United Kingdom
14098,United Kingdom
15551,United Kingdom
16347,United Kingdom
13721,United Kingdom
16322,United Kingdom
17403,United Kingdom
16914,United Kingdom
16602,United Kingdom
12544,Spain
13914,United Kingdom
13467,United Kingdom
17221,United Kingdom
17078,United Kingdom
13447,United Kingdom
15010,United Kingdom
18022,United Kingdom
16318,United Kingdom
17274,United Kingdom
15597,United Kingdom
17233,United Kingdom
16887,United Kingdom
13938,United Kingdom
17084,United Kingdom
14882,United Kingdom
15017,United Kingdom
12882,United Kingdom
17387,United Kingdom
13727,United Kingdom
13532,United Kingdom
16445,United Kingdom
15156,United Kingdom
16372,United Kingdom
17608,United Kingdom
12638,Sweden
14174,United Kingdom
14039,United Kingdom
13040,United Kingdom
15883,United Kingdom
14664,United Kingdom
15526,United Kingdom
17831,United Kingdom
15025,United Kingdom
12357,Switzerland
17761,United Kingdom
15870,United Kingdom
14080,United Kingdom
17623,United Kingdom
13673,United Kingdom
14073,United Kingdom
16070,United Kingdom
13066,United Kingdom
14929,United Kingdom
13710,United Kingdom
16732,United Kingdom
14140,United Kingdom
17219,United Kingdom
16505,United Kingdom
15957,United Kingdom
18123,United Kingdom
15043,United Kingdom
17313,United Kingdom
18216,United Kingdom
17022,United Kingdom
15153,United Kingdom
16759,United Kingdom
16751,United Kingdom
12893,United Kingdom
14836,United Kingdom
17011,United Kingdom
12532,France
17038,United Kingdom
14968,United Kingdom
12504,Germany
16516,United Kingdom
13522,United Kingdom
15986,United Kingdom
13992,United Kingdom
14354,United Kingdom
16986,United Kingdom
16953,United Kingdom
18274,United Kingdom
15450,United Kingdom
15531,United Kingdom
17500,United Kingdom
17197,United Kingdom
16025,United Kingdom
12659,France
17461,United Kingdom
17791,United Kingdom
15463,United Kingdom
17977,United Kingdom
12617,France
14863,United Kingdom
16903,United Kingdom
12508,France
17502,United Kingdom
12538,Spain
17901,United Kingdom
14789,United Kingdom
18209,United Kingdom
12985,United Kingdom
15557,United Kingdom
16433,United Kingdom
15692,United Kingdom
17052,United Kingdom
16368,United Kingdom
18014,United Kingdom
13732,United Kingdom
13091,United Kingdom
14661,United Kingdom
13170,United Kingdom
15654,United Kingdom
13146,United Kingdom
14788,United Kingdom
13603,United Kingdom
14382,United Kingdom
16720,United Kingdom
14904,United Kingdom
14494,United Kingdom
14902,United Kingdom
16936,United Kingdom
12938,United Kingdom
15168,United Kingdom
17538,United Kingdom
18082,United Kingdom
18117,United Kingdom
15458,United Kingdom
17566,United Kingdom
16207,United Kingdom
12762,Portugal
17793,United Kingdom
14953,United Kingdom
16504,United Kingdom
12374,Austria
15009,United Kingdom
16423,United Kingdom
15419,United Kingdom
17510,United Kingdom
15758,United Kingdom
15524,United Kingdom
14725,United Kingdom
14666,United Kingdom
14714,United Kingdom
17153,United Kingdom
12950,United Kingdom
15720,United Kingdom
18181,United Kingdom
15556,United Kingdom
17357,United Kingdom
12890,United Kingdom
13449,United Kingdom
15269,United Kingdom
14385,United Kingdom
15900,United Kingdom
17680,United Kingdom
13926,United Kingdom
16204,United Kingdom
17896,United Kingdom
17835,United Kingdom
15432,United Kingdom
18006,United Kingdom
15657,United Kingdom
17237,United Kingdom
13160,United Kingdom
12847,United Kingdom
17397,United Kingdom
17985,United Kingdom
14362,United Kingdom
13828,United Kingdom
15435,United Kingdom
12445,Spain
12603,Germany
14641,United Kingdom
12618,Italy
15621,United Kingdom
12391,Cyprus
18034,United Kingdom
17286,United Kingdom
17904,United Kingdom
17301,United Kingdom
15368,United Kingdom
14793,United Kingdom
17650,United Kingdom
12702,Germany
14881,United Kingdom
16784,United Kingdom
14052,United Kingdom
18110,United Kingdom
17561,United Kingdom
15988,United Kingdom
17523,United Kingdom
14950,United Kingdom
16666,United Kingdom
14860,United Kingdom
17636,United Kingdom
13832,United Kingdom
13142,United Kingdom
16366,United Kingdom
14300,United Kingdom
12349,Italy
12658,Germany
12795,Portugal
15567,United Kingdom
15645,United Kingdom
16406,United Kingdom
15857,United Kingdom
12984,United Kingdom
17253,United Kingdom
13739,United Kingdom
18139,United Kingdom
15274,United Kingdom
17010,United Kingdom
15115,United Kingdom
17100,United Kingdom
15699,United Kingdom
13403,United Kingdom
16956,United Kingdom
17600,United Kingdom
15877,United Kingdom
14424,United Kingdom
13322,United Kingdom
17297,United Kingdom
13986,United Kingdom
12920,United Kingdom
18249,United Kingdom
15634,United Kingdom
16376,United Kingdom
16811,United Kingdom
12452,Switzerland
14581,United Kingdom
14675,United Kingdom
17290,United Kingdom
16343,United Kingdom
13638,United Kingdom
16482,United Kingdom
12784,Portugal
17458,United Kingdom
14785,United Kingdom
17254,United Kingdom
17767,United Kingdom
15725,United Kingdom
17247,United Kingdom
18184,United Kingdom
15428,United Kingdom
17727,United Kingdom
14756,United Kingdom
16856,United Kingdom
14703,United Kingdom
17385,United Kingdom
12531,Germany
15872,United Kingdom
14966,United Kingdom
17232,United Kingdom
17468,United Kingdom
13332,United Kingdom
14946,United Kingdom
13256,United Kingdom
13596,United Kingdom
16024,United Kingdom
14954,United Kingdom
17885,United Kingdom
14093,United Kingdom
14893,United Kingdom
15721,United Kingdom
17852,United Kingdom
13844,United Kingdom
12479,Germany
12660,France
15540,United Kingdom
17379,United Kingdom
16800,United Kingdom
17806,United Kingdom
17359,United Kingdom
13188,United Kingdom
14480,United Kingdom
13349,United Kingdom
15619,United Kingdom
15148,United Kingdom
14601,United Kingdom
15783,United Kingdom
17772,United Kingdom
14126,United Kingdom
16479,United Kingdom
13428,United Kingdom
15790,United Kingdom
13521,United Kingdom
14349,United Kingdom
18058,United Kingdom
12953,United Kingdom
12966,United Kingdom
15060,United Kingdom
17911,United Kingdom
14804,United Kingdom
15904,United Kingdom
16789,United Kingdom
12558,USA
17942,United Kingdom
12587,Finland
13560,United Kingdom
15539,United Kingdom
13017,United Kingdom
18174,United Kingdom
13153,United Kingdom
15773,United Kingdom
17936,United Kingdom
16535,United Kingdom
16988,United Kingdom
15097,United Kingdom
18015,United Kingdom
16597,United Kingdom
13790,United Kingdom
14219,United Kingdom
12367,Denmark
17383,United Kingdom
12478,Greece
15992,United Kingdom
15318,United Kingdom
17914,United Kingdom
16528,United Kingdom
12442,Spain
16569,United Kingdom
12650,France
14578,United Kingdom
16000,United Kingdom
15195,United Kingdom
14087,United Kingdom
14204,United Kingdom
15471,United Kingdom
13436,United Kingdom
15520,United Kingdom
13298,United Kingdom
14569,United Kingdom
12713,Germany
