502.01,Sepsis
203.01,Respiratory
703.03,Metabolic
1206.03,Cardiovascular
601.01,Trauma
403.01,Neurological
501.05,Sepsis
103.01,Cardiovascular
107.01,Cardiovascular
1304.08,Respiratory
1505.02,Neurological
1406.01,Gastrointestinal
1304.05,Respiratory
109.14,Cardiovascular
410.01,Neurological
1506.03,Neurological
1703.05,Genitourinary
501.06,Sepsis
305.01,Gastrointestinal
1204.01,Cardiovascular
1602.12,Trauma
104.01,Cardiovascular
1302.02,Respiratory
305.02,Gastrointestinal
108.01,Cardiovascular
212.01,Respiratory
601.04,Trauma
106.01,Cardiovascular
407.01,Neurological
0.25,N/A
1205.01,Cardiovascular
1502.02,Neurological
212.02,Respiratory
102.01,Cardiovascular
206.01,Respiratory
306.01,Gastrointestinal
1207.01,Cardiovascular
1204.02,Cardiovascular
207.01,Respiratory
111.01,Cardiovascular
501.04,Sepsis
1403.02,Gastrointestinal
1504.03,Neurological
405.01,Neurological
1203.02,Cardiovascular
802.04,Hematological
109.08,Cardiovascular
1602.06,Trauma
208.01,Respiratory
402.02,Neurological
211.09,Respiratory
1902.04,Musculoskeletal/Skin
309.01,Gastrointestinal
109.07,Cardiovascular
703.01,Metabolic
110.01,Cardiovascular
1506.07,Neurological
409.02,Neurological
211.03,Respiratory
1401.01,Gastrointestinal
702.01,Metabolic
109.02,Cardiovascular
703.02,Metabolic
1405.01,Gastrointestinal
1506.08,Neurological
1904.01,Musculoskeletal/Skin
408.02,Neurological
0.11,N/A
1101.07,Musculoskeletal/Skin
1601.01,Trauma
311.01,Gastrointestinal
1208.01,Cardiovascular
901.03,Genitourinary
1212.01,Cardiovascular
1601.04,Trauma
1208.05,Cardiovascular
109.09,Cardiovascular
1903.03,Musculoskeletal/Skin
301.02,Gastrointestinal
1506.05,Neurological
1405.02,Gastrointestinal
1302.03,Respiratory
1902.03,Musculoskeletal/Skin
1410.01,Gastrointestinal
109.1,Cardiovascular
1405.04,Gastrointestinal
1207.02,Cardiovascular
401.01,Neurological
1705.03,Genitourinary
1602.04,Trauma
501.02,Sepsis
105.02,Cardiovascular
105.01,Cardiovascular
209.01,Respiratory
1212.03,Cardiovascular
1505.01,Neurological
308.01,Gastrointestinal
602.12,Trauma
704.01,Metabolic
1503.02,Neurological
1701.02,Genitourinary
1506.01,Neurological
1408.08,Gastrointestinal
307.02,Gastrointestinal
801.01,Hematological
902.01,Genitourinary
109.11,Cardiovascular
0,N/A
704.07,Metabolic
802.01,Hematological
1208.08,Cardiovascular
109.04,Cardiovascular
601.05,Trauma
1506.09,Neurological
312.05,Gastrointestinal
1501.01,Neurological
1303.01,Respiratory
1408.03,Gastrointestinal
901.04,Genitourinary
1208.04,Cardiovascular
604.05,Trauma
1803.02,Gynecological
1504.05,Neurological
1504.04,Neurological
1208.15,Cardiovascular
109.01,Cardiovascular
1503.01,Neurological
307.01,Gastrointestinal
501.01,Sepsis
1801.02,Gynecological
1208.06,Cardiovascular
602.15,Trauma
1602.19,Trauma
601.03,Trauma
1208.03,Cardiovascular
1409.01,Gastrointestinal
602.01,Trauma
1405.07,Gastrointestinal
1102.01,Musculoskeletal/Skin
1208.07,Cardiovascular
1404.01,Gastrointestinal
1408.01,Gastrointestinal
1208.1,Cardiovascular
1202.03,Cardiovascular
1304.09,Respiratory
1902.02,Musculoskeletal/Skin
1408.12,Gastrointestinal
1408.07,Gastrointestinal
602.11,Trauma
1801.01,Gynecological
204.01,Respiratory
1506.06,Neurological
109.03,Cardiovascular
1701.01,Genitourinary
1303.02,Respiratory
1210.01,Cardiovascular
1301.02,Respiratory
1802.01,Gynecological
1506.1,Neurological
109.16,Cardiovascular
301.01,Gastrointestinal
1506.04,Neurological
1703.04,Genitourinary
1304.1,Respiratory
1405.03,Gastrointestinal
601.06,Trauma
1208.09,Cardiovascular
1207.03,Cardiovascular
109.06,Cardiovascular
0.18,N/A
1408.09,Gastrointestinal
1902.01,Musculoskeletal/Skin
1408.06,Gastrointestinal
602.09,Trauma
101.01,Cardiovascular
1903.01,Musculoskeletal/Skin
1209.01,Cardiovascular
102.02,Cardiovascular
605.01,Trauma
1211.02,Cardiovascular
1413.01,Gastrointestinal
1208.13,Cardiovascular
213.01,Respiratory
1208.16,Cardiovascular
1407.01,Gastrointestinal
1903.02,Musculoskeletal/Skin
1405.05,Gastrointestinal
0.04,N/A
1304.07,Respiratory
1202.08,Cardiovascular
602.06,Trauma
2201.01,Metabolic
602.07,Trauma
1703.03,Genitourinary
0.22,N/A
201.01,Respiratory
1601.05,Trauma
0.23,N/A
604.01,Trauma
301.03,Gastrointestinal
1504.01,Neurological
1703.01,Genitourinary
211.08,Respiratory
1206.01,Cardiovascular
1602.17,Trauma
1101.04,Musculoskeletal/Skin
402.01,Neurological
1601.06,Trauma
1704.01,Genitourinary
1408.04,Gastrointestinal
1902.05,Musculoskeletal/Skin
0.24,N/A
313.04,Gastrointestinal
109.05,Cardiovascular
1211.01,Cardiovascular
1212.02,Cardiovascular
1304.02,Respiratory
310.01,Gastrointestinal
701.02,Metabolic
211.04,Respiratory
211.06,Respiratory
406.03,Neurological
406.02,Neurological
312.01,Gastrointestinal
1701.03,Genitourinary
901.05,Genitourinary
1703.02,Genitourinary
1202.02,Cardiovascular
801.04,Hematological
602.17,Trauma
303.01,Gastrointestinal
604.06,Trauma
1101.02,Musculoskeletal/Skin
1209.02,Cardiovascular
802.09,Hematological
1202.05,Cardiovascular
1202.07,Cardiovascular
109.13,Cardiovascular
404.03,Neurological
601.08,Trauma
211.02,Respiratory
1304.04,Respiratory
202.01,Respiratory
602.13,Trauma
1602.14,Trauma
1403.03,Gastrointestinal
406.04,Neurological
602.18,Trauma
501.03,Sepsis
307.05,Gastrointestinal
1411.01,Gastrointestinal
408.01,Neurological
211.05,Respiratory
211.1,Respiratory
109.12,Cardiovascular
704.08,Metabolic
211.11,Respiratory
1403.04,Gastrointestinal
1208.12,Cardiovascular
604.02,Trauma
1403.01,Gastrointestinal
901.02,Genitourinary
602.04,Trauma
601.07,Trauma
211.12,Respiratory
602.2,Trauma
802.03,Hematological
2201.05,Metabolic
211.01,Respiratory
404.01,Neurological
901.01,Genitourinary
901.06,Genitourinary
313.01,Gastrointestinal
404.02,Neurological
1408.13,Gastrointestinal
802.08,Hematological
1705.02,Genitourinary
602.19,Trauma
1802.02,Gynecological
604.04,Trauma
1502.01,Neurological
1604.03,Trauma
1409.02,Gastrointestinal
1304.06,Respiratory
1602.01,Trauma
0.13,N/A
704.06,Metabolic
1302.01,Respiratory
701.01,Metabolic
406.01,Neurological
1208.14,Cardiovascular
1203.01,Cardiovascular
313.05,Gastrointestinal
1506.11,Neurological
1413.02,Gastrointestinal
1408.05,Gastrointestinal
704.09,Metabolic
0.21,N/A
602.05,Trauma
1703.07,Genitourinary
1601.08,Trauma
2201.02,Metabolic
312.02,Gastrointestinal
312.03,Gastrointestinal
1208.11,Cardiovascular
1604.01,Trauma
602.02,Trauma
602.14,Trauma
704.1,Metabolic
601.02,Trauma
1301.01,Respiratory
1605.01,Trauma
1602.07,Trauma
2101.01,Hematological
602.1,Trauma
1602.21,Trauma
901.07,Genitourinary
802.02,Hematological
1405.06,Gastrointestinal
602.16,Trauma
602.21,Trauma
704.02,Metabolic
704.04,Metabolic
602.08,Trauma
801.02,Hematological
0.2,N/A
1602.15,Trauma
0.06,N/A
1202.04,Cardiovascular
1602.08,Trauma
1208.18,Cardiovascular
604.03,Trauma
1412.01,Gastrointestinal
603.01,Trauma
313.03,Gastrointestinal
903.01,Genitourinary
109.15,Cardiovascular
802.06,Hematological
211.07,Respiratory
801.03,Hematological
1602.11,Trauma
1703.08,Genitourinary
313.02,Gastrointestinal
1304.01,Respiratory
1604.05,Trauma
1602.05,Trauma
409.01,Neurological
1701.04,Genitourinary
312.04,Gastrointestinal
1504.02,Neurological
802.07,Hematological
1602.1,Trauma
2201.03,Metabolic
1602.13,Trauma
1408.02,Gastrointestinal
307.04,Gastrointestinal
1202.01,Cardiovascular
1210.02,Cardiovascular
1602.16,Trauma
1101.05,Musculoskeletal/Skin
704.05,Metabolic
0.19,N/A
210.01,Respiratory
2201.04,Metabolic
210.02,Respiratory
1208.17,Cardiovascular
1705.05,Genitourinary
1304.03,Respiratory
704.11,Metabolic
1101.03,Musculoskeletal/Skin
1506.02,Neurological
307.03,Gastrointestinal
101.02,Cardiovascular
0.14,N/A
0.15,N/A
1202.06,Cardiovascular
1803.01,Gynecological
2101.03,Hematological
0.03,N/A
1208.02,Cardiovascular
1602.02,Trauma
1602.09,Trauma
1601.03,Trauma
0.09,N/A
0.01,N/A
1705.04,Genitourinary
301.04,Gastrointestinal
602.03,Trauma
802.05,Hematological
408.03,Neurological
1604.02,Trauma
1101.09,Musculoskeletal/Skin
1601.02,Trauma
1602.2,Trauma
1604.04,Trauma
1602.03,Trauma
1101.01,Musculoskeletal/Skin
1408.1,Gastrointestinal
0.02,N/A
1408.11,Gastrointestinal
