66154,d1_diasbp_max,68
114252,d1_diasbp_max,95
119783,d1_diasbp_max,88
79267,d1_diasbp_max,48
92056,d1_diasbp_max,99
33181,d1_diasbp_max,100
82208,d1_diasbp_max,76
120995,d1_diasbp_max,84
80471,d1_diasbp_max,65
42871,d1_diasbp_max,83
105427,d1_diasbp_max,72
91609,d1_diasbp_max,85
76356,d1_diasbp_max,123
34030,d1_diasbp_max,89
108388,d1_diasbp_max,68
120677,d1_diasbp_max,70
115771,d1_diasbp_max,87
22471,d1_diasbp_max,89
48056,d1_diasbp_max,73
45954,d1_diasbp_max,78
79115,d1_diasbp_max,74
118620,d1_diasbp_max,96
21050,d1_diasbp_max,72
95460,d1_diasbp_max,88
7220,d1_diasbp_max,76
29208,d1_diasbp_max,48
32902,d1_diasbp_max,102
16847,d1_diasbp_max,104
46026,d1_diasbp_max,56
6777,d1_diasbp_max,108
129675,d1_diasbp_max,83
6603,d1_diasbp_max,80
123939,d1_diasbp_max,83
48566,d1_diasbp_max,116
112789,d1_diasbp_max,107
81252,d1_diasbp_max,105
114022,d1_diasbp_max,110
18207,d1_diasbp_max,83
59698,d1_diasbp_max,103
92404,d1_diasbp_max,106
83698,d1_diasbp_max,78
44512,d1_diasbp_max,76
90015,d1_diasbp_max,87
31303,d1_diasbp_max,81
71147,d1_diasbp_max,119
77034,d1_diasbp_max,59
40903,d1_diasbp_max,58
73237,d1_diasbp_max,80
61230,d1_diasbp_max,80
115636,d1_diasbp_max,101
31959,d1_diasbp_max,92
65736,d1_diasbp_max,83
126328,d1_diasbp_max,58
130745,d1_diasbp_max,96
77882,d1_diasbp_max,88
46100,d1_diasbp_max,79
104613,d1_diasbp_max,93
95724,d1_diasbp_max,80
80233,d1_diasbp_max,84
15917,d1_diasbp_max,88
26094,d1_diasbp_max,64
108368,d1_diasbp_max,74
10867,d1_diasbp_max,88
55339,d1_diasbp_max,72
16748,d1_diasbp_max,78
71135,d1_diasbp_max,78
24722,d1_diasbp_max,82
103323,d1_diasbp_max,67
49924,d1_diasbp_max,95
47907,d1_diasbp_max,123
77781,d1_diasbp_max,75
127763,d1_diasbp_max,83
69401,d1_diasbp_max,83
75834,d1_diasbp_max,75
44063,d1_diasbp_max,140
112706,d1_diasbp_max,103
32457,d1_diasbp_max,91
56237,d1_diasbp_max,72
116433,d1_diasbp_max,104
12567,d1_diasbp_max,94
19946,d1_diasbp_max,77
30642,d1_diasbp_max,80
113536,d1_diasbp_max,60
63576,d1_diasbp_max,73
43881,d1_diasbp_max,141
102676,d1_diasbp_max,88
22687,d1_diasbp_max,92
71872,d1_diasbp_max,76
57574,d1_diasbp_max,74
70703,d1_diasbp_max,86
120345,d1_diasbp_max,46
87915,d1_diasbp_max,95
47259,d1_diasbp_max,90
42170,d1_diasbp_max,67
10032,d1_diasbp_max,86
83819,d1_diasbp_max,90
14943,d1_diasbp_max,84
120743,d1_diasbp_max,128
30608,d1_diasbp_max,91
52821,d1_diasbp_max,72
22969,d1_diasbp_max,95
44147,d1_diasbp_max,91
82397,d1_diasbp_max,62
51664,d1_diasbp_max,91
61291,d1_diasbp_max,102
68141,d1_diasbp_max,103
100264,d1_diasbp_max,93
45625,d1_diasbp_max,67
10678,d1_diasbp_max,126
42646,d1_diasbp_max,70
93200,d1_diasbp_max,79
102011,d1_diasbp_max,95
7637,d1_diasbp_max,121
80401,d1_diasbp_max,84
97134,d1_diasbp_max,64
91500,d1_diasbp_max,105
78089,d1_diasbp_max,66
70149,d1_diasbp_max,111
60738,d1_diasbp_max,91
122533,d1_diasbp_max,85
124777,d1_diasbp_max,100
6999,d1_diasbp_max,125
60635,d1_diasbp_max,101
123278,d1_diasbp_max,82
52284,d1_diasbp_max,85
112126,d1_diasbp_max,77
15146,d1_diasbp_max,96
70129,d1_diasbp_max,83
90572,d1_diasbp_max,82
44303,d1_diasbp_max,73
122090,d1_diasbp_max,108
31908,d1_diasbp_max,89
100410,d1_diasbp_max,64
94888,d1_diasbp_max,93
103382,d1_diasbp_max,114
58690,d1_diasbp_max,83
127089,d1_diasbp_max,51
105222,d1_diasbp_max,50
25028,d1_diasbp_max,83
24112,d1_diasbp_max,78
21637,d1_diasbp_max,65
51121,d1_diasbp_max,86
106161,d1_diasbp_max,77
124006,d1_diasbp_max,85
73495,d1_diasbp_max,97
4541,d1_diasbp_max,134
50032,d1_diasbp_max,74
41666,d1_diasbp_max,84
59986,d1_diasbp_max,94
61272,d1_diasbp_max,76
120490,d1_diasbp_max,70
40065,d1_diasbp_max,98
125524,d1_diasbp_max,68
29585,d1_diasbp_max,89
60968,d1_diasbp_max,82
26515,d1_diasbp_max,84
25151,d1_diasbp_max,94
99236,d1_diasbp_max,101
3066,d1_diasbp_max,86
1325,d1_diasbp_max,84
15923,d1_diasbp_max,89
127005,d1_diasbp_max,78
24674,d1_diasbp_max,82
71878,d1_diasbp_max,93
40021,d1_diasbp_max,75
97703,d1_diasbp_max,80
121796,d1_diasbp_max,62
91983,d1_diasbp_max,81
46708,d1_diasbp_max,62
53737,d1_diasbp_max,127
7920,d1_diasbp_max,89
58076,d1_diasbp_max,98
129305,d1_diasbp_max,85
3565,d1_diasbp_max,54
73704,d1_diasbp_max,88
87223,d1_diasbp_max,81
106252,d1_diasbp_max,65
100833,d1_diasbp_max,101
105343,d1_diasbp_max,78
30588,d1_diasbp_max,78
29105,d1_diasbp_max,112
86256,d1_diasbp_max,82
29211,d1_diasbp_max,119
119439,d1_diasbp_max,70
108666,d1_diasbp_max,65
114615,d1_diasbp_max,86
56555,d1_diasbp_max,95
87441,d1_diasbp_max,77
18386,d1_diasbp_max,89
35279,d1_diasbp_max,88
109705,d1_diasbp_max,95
70163,d1_diasbp_max,86
83805,d1_diasbp_max,106
30154,d1_diasbp_max,85
31517,d1_diasbp_max,79
17645,d1_diasbp_max,84
9365,d1_diasbp_max,85
128144,d1_diasbp_max,63
98946,d1_diasbp_max,91
99680,d1_diasbp_max,56
21854,d1_diasbp_max,71
66120,d1_diasbp_max,84
87071,d1_diasbp_max,139
32404,d1_diasbp_max,60
14297,d1_diasbp_max,88
64974,d1_diasbp_max,104
67817,d1_diasbp_max,108
43395,d1_diasbp_max,90
14666,d1_diasbp_max,85
7484,d1_diasbp_max,90
26608,d1_diasbp_max,149
22442,d1_diasbp_max,111
66953,d1_diasbp_max,95
9157,d1_diasbp_max,73
23381,d1_diasbp_max,165
80015,d1_diasbp_max,74
73274,d1_diasbp_max,90
12361,d1_diasbp_max,113
11448,d1_diasbp_max,88
47646,d1_diasbp_max,85
4405,d1_diasbp_max,86
95934,d1_diasbp_max,95
13794,d1_diasbp_max,65
28079,d1_diasbp_max,91
102225,d1_diasbp_max,90
8635,d1_diasbp_max,94
36452,d1_diasbp_max,56
65625,d1_diasbp_max,91
118672,d1_diasbp_max,98
130124,d1_diasbp_max,98
120278,d1_diasbp_max,77
65926,d1_diasbp_max,104
64090,d1_diasbp_max,84
48472,d1_diasbp_max,93
120434,d1_diasbp_max,90
73538,d1_diasbp_max,85
14722,d1_diasbp_max,101
28673,d1_diasbp_max,105
50034,d1_diasbp_max,71
13558,d1_diasbp_max,117
68356,d1_diasbp_max,94
17452,d1_diasbp_max,88
93955,d1_diasbp_max,101
129623,d1_diasbp_max,110
83843,d1_diasbp_max,98
103577,d1_diasbp_max,82
96332,d1_diasbp_max,87
17245,d1_diasbp_max,67
75407,d1_diasbp_max,95
52214,d1_diasbp_max,110
118658,d1_diasbp_max,63
111852,d1_diasbp_max,88
104077,d1_diasbp_max,122
55365,d1_diasbp_max,94
11143,d1_diasbp_max,97
41803,d1_diasbp_max,84
81636,d1_diasbp_max,76
109012,d1_diasbp_max,83
94663,d1_diasbp_max,106
55056,d1_diasbp_max,79
126241,d1_diasbp_max,77
78717,d1_diasbp_max,63
36008,d1_diasbp_max,92
125137,d1_diasbp_max,83
23668,d1_diasbp_max,89
75373,d1_diasbp_max,91
125370,d1_diasbp_max,80
114066,d1_diasbp_max,67
20645,d1_diasbp_max,79
105958,d1_diasbp_max,63
48270,d1_diasbp_max,88
43605,d1_diasbp_max,85
111208,d1_diasbp_max,116
23804,d1_diasbp_max,64
102675,d1_diasbp_max,73
45187,d1_diasbp_max,67
48560,d1_diasbp_max,98
35424,d1_diasbp_max,78
92514,d1_diasbp_max,130
2120,d1_diasbp_max,76
5612,d1_diasbp_max,84
11108,d1_diasbp_max,60
18791,d1_diasbp_max,95
122050,d1_diasbp_max,79
23785,d1_diasbp_max,96
129982,d1_diasbp_max,96
14358,d1_diasbp_max,99
115514,d1_diasbp_max,70
40343,d1_diasbp_max,83
42584,d1_diasbp_max,80
51889,d1_diasbp_max,77
84849,d1_diasbp_max,73
2207,d1_diasbp_max,85
39906,d1_diasbp_max,87
95653,d1_diasbp_max,80
7024,d1_diasbp_max,77
127228,d1_diasbp_max,98
86760,d1_diasbp_max,91
79913,d1_diasbp_max,109
32891,d1_diasbp_max,100
91133,d1_diasbp_max,86
109017,d1_diasbp_max,69
23742,d1_diasbp_max,64
99424,d1_diasbp_max,129
77018,d1_diasbp_max,111
41267,d1_diasbp_max,102
12758,d1_diasbp_max,85
131027,d1_diasbp_max,65
130493,d1_diasbp_max,99
34967,d1_diasbp_max,81
105080,d1_diasbp_max,79
13040,d1_diasbp_max,92
18134,d1_diasbp_max,105
120177,d1_diasbp_max,97
42954,d1_diasbp_max,85
107134,d1_diasbp_max,82
49156,d1_diasbp_max,108
37452,d1_diasbp_max,79
113353,d1_diasbp_max,91
30229,d1_diasbp_max,89
17281,d1_diasbp_max,63
35153,d1_diasbp_max,85
95784,d1_diasbp_max,98
116006,d1_diasbp_max,83
114380,d1_diasbp_max,121
36255,d1_diasbp_max,73
77934,d1_diasbp_max,72
27921,d1_diasbp_max,67
92230,d1_diasbp_max,60
121805,d1_diasbp_max,72
121770,d1_diasbp_max,84
57954,d1_diasbp_max,131
128880,d1_diasbp_max,83
43606,d1_diasbp_max,70
120774,d1_diasbp_max,115
44752,d1_diasbp_max,69
76652,d1_diasbp_max,119
54269,d1_diasbp_max,88
20415,d1_diasbp_max,127
43507,d1_diasbp_max,96
71632,d1_diasbp_max,95
57206,d1_diasbp_max,73
49729,d1_diasbp_max,75
39355,d1_diasbp_max,102
116470,d1_diasbp_max,82
114453,d1_diasbp_max,74
3479,d1_diasbp_max,95
47581,d1_diasbp_max,97
104865,d1_diasbp_max,92
17445,d1_diasbp_max,99
87626,d1_diasbp_max,63
60375,d1_diasbp_max,93
102058,d1_diasbp_max,88
38634,d1_diasbp_max,73
121803,d1_diasbp_max,78
127867,d1_diasbp_max,109
58864,d1_diasbp_max,75
9891,d1_diasbp_max,57
40925,d1_diasbp_max,94
17185,d1_diasbp_max,73
108382,d1_diasbp_max,75
49640,d1_diasbp_max,84
125088,d1_diasbp_max,108
90324,d1_diasbp_max,92
19198,d1_diasbp_max,102
118991,d1_diasbp_max,88
92389,d1_diasbp_max,64
48755,d1_diasbp_max,88
49013,d1_diasbp_max,99
66978,d1_diasbp_max,100
72479,d1_diasbp_max,76
125204,d1_diasbp_max,72
95056,d1_diasbp_max,89
85733,d1_diasbp_max,82
93017,d1_diasbp_max,82
40617,d1_diasbp_max,121
3409,d1_diasbp_max,114
116724,d1_diasbp_max,74
69585,d1_diasbp_max,79
77845,d1_diasbp_max,114
82297,d1_diasbp_max,81
75935,d1_diasbp_max,62
118677,d1_diasbp_max,108
119346,d1_diasbp_max,69
67172,d1_diasbp_max,116
54360,d1_diasbp_max,75
36164,d1_diasbp_max,92
128762,d1_diasbp_max,79
124310,d1_diasbp_max,78
59407,d1_diasbp_max,87
87082,d1_diasbp_max,93
100382,d1_diasbp_max,101
106641,d1_diasbp_max,68
58176,d1_diasbp_max,115
50125,d1_diasbp_max,86
60885,d1_diasbp_max,52
71839,d1_diasbp_max,66
108162,d1_diasbp_max,87
87544,d1_diasbp_max,78
67074,d1_diasbp_max,59
79130,d1_diasbp_max,86
129883,d1_diasbp_max,79
123746,d1_diasbp_max,92
21487,d1_diasbp_max,55
99180,d1_diasbp_max,82
123205,d1_diasbp_max,106
37802,d1_diasbp_max,106
82408,d1_diasbp_max,68
19369,d1_diasbp_max,80
119979,d1_diasbp_max,98
91532,d1_diasbp_max,103
9169,d1_diasbp_max,72
84886,d1_diasbp_max,137
57483,d1_diasbp_max,90
128671,d1_diasbp_max,88
13182,d1_diasbp_max,107
39557,d1_diasbp_max,97
55414,d1_diasbp_max,118
106741,d1_diasbp_max,76
47090,d1_diasbp_max,89
34413,d1_diasbp_max,71
72908,d1_diasbp_max,105
32547,d1_diasbp_max,98
129973,d1_diasbp_max,104
119318,d1_diasbp_max,110
103685,d1_diasbp_max,75
25599,d1_diasbp_max,86
71448,d1_diasbp_max,76
99146,d1_diasbp_max,46
75442,d1_diasbp_max,65
98300,d1_diasbp_max,82
108591,d1_diasbp_max,72
14811,d1_diasbp_max,90
101055,d1_diasbp_max,82
99247,d1_diasbp_max,76
3373,d1_diasbp_max,113
107108,d1_diasbp_max,84
3520,d1_diasbp_max,46
69785,d1_diasbp_max,69
37002,d1_diasbp_max,116
83575,d1_diasbp_max,93
48750,d1_diasbp_max,71
85245,d1_diasbp_max,102
80964,d1_diasbp_max,98
96220,d1_diasbp_max,106
96155,d1_diasbp_max,119
14172,d1_diasbp_max,100
106840,d1_diasbp_max,57
70453,d1_diasbp_max,62
116650,d1_diasbp_max,105
118511,d1_diasbp_max,68
118916,d1_diasbp_max,90
88747,d1_diasbp_max,113
73151,d1_diasbp_max,116
11688,d1_diasbp_max,46
79666,d1_diasbp_max,91
41383,d1_diasbp_max,82
24435,d1_diasbp_max,101
110280,d1_diasbp_max,93
59588,d1_diasbp_max,58
32851,d1_diasbp_max,82
17851,d1_diasbp_max,80
130360,d1_diasbp_max,67
40258,d1_diasbp_max,101
64460,d1_diasbp_max,60
99008,d1_diasbp_max,79
68600,d1_diasbp_max,75
47076,d1_diasbp_max,73
84698,d1_diasbp_max,96
54741,d1_diasbp_max,77
54487,d1_diasbp_max,72
97445,d1_diasbp_max,78
130752,d1_diasbp_max,93
72560,d1_diasbp_max,94
112005,d1_diasbp_max,68
8190,d1_diasbp_max,74
33797,d1_diasbp_max,105
122401,d1_diasbp_max,90
99446,d1_diasbp_max,59
128240,d1_diasbp_max,115
88553,d1_diasbp_max,85
42396,d1_diasbp_max,92
105943,d1_diasbp_max,78
122352,d1_diasbp_max,90
83457,d1_diasbp_max,83
55356,d1_diasbp_max,92
113398,d1_diasbp_max,81
37418,d1_diasbp_max,55
4593,d1_diasbp_max,88
12432,d1_diasbp_max,103
5962,d1_diasbp_max,98
39647,d1_diasbp_max,63
110407,d1_diasbp_max,83
109996,d1_diasbp_max,77
5744,d1_diasbp_max,90
7913,d1_diasbp_max,92
43513,d1_diasbp_max,91
36385,d1_diasbp_max,104
89706,d1_diasbp_max,58
10355,d1_diasbp_max,95
25840,d1_diasbp_max,103
124815,d1_diasbp_max,73
5546,d1_diasbp_max,98
130714,d1_diasbp_max,94
85745,d1_diasbp_max,80
38270,d1_diasbp_max,76
12638,d1_diasbp_max,75
57535,d1_diasbp_max,91
92159,d1_diasbp_max,68
13772,d1_diasbp_max,87
68002,d1_diasbp_max,72
123495,d1_diasbp_max,101
43464,d1_diasbp_max,81
43003,d1_diasbp_max,98
105214,d1_diasbp_max,63
4144,d1_diasbp_max,84
116552,d1_diasbp_max,60
37443,d1_diasbp_max,79
28290,d1_diasbp_max,79
21128,d1_diasbp_max,105
59772,d1_diasbp_max,77
63699,d1_diasbp_max,76
114742,d1_diasbp_max,95
31537,d1_diasbp_max,75
108604,d1_diasbp_max,99
15113,d1_diasbp_max,95
33526,d1_diasbp_max,60
36156,d1_diasbp_max,81
41923,d1_diasbp_max,77
83552,d1_diasbp_max,87
90081,d1_diasbp_max,73
30343,d1_diasbp_max,94
68762,d1_diasbp_max,88
29397,d1_diasbp_max,97
69778,d1_diasbp_max,90
51476,d1_diasbp_max,97
96216,d1_diasbp_max,82
69801,d1_diasbp_max,50
8942,d1_diasbp_max,120
21774,d1_diasbp_max,83
9684,d1_diasbp_max,88
127350,d1_diasbp_max,108
42331,d1_diasbp_max,64
11905,d1_diasbp_max,97
59310,d1_diasbp_max,48
85650,d1_diasbp_max,77
31421,d1_diasbp_max,122
114892,d1_diasbp_max,89
11042,d1_diasbp_max,64
13239,d1_diasbp_max,98
127417,d1_diasbp_max,84
104486,d1_diasbp_max,60
92472,d1_diasbp_max,67
65761,d1_diasbp_max,88
53865,d1_diasbp_max,80
61516,d1_diasbp_max,110
14996,d1_diasbp_max,77
54038,d1_diasbp_max,77
89956,d1_diasbp_max,64
114890,d1_diasbp_max,91
5358,d1_diasbp_max,85
100502,d1_diasbp_max,98
32204,d1_diasbp_max,74
112667,d1_diasbp_max,98
117036,d1_diasbp_max,63
90350,d1_diasbp_max,93
122559,d1_diasbp_max,76
117904,d1_diasbp_max,51
2634,d1_diasbp_max,69
78559,d1_diasbp_max,82
53004,d1_diasbp_max,115
129894,d1_diasbp_max,99
123923,d1_diasbp_max,84
117659,d1_diasbp_max,79
126463,d1_diasbp_max,98
121364,d1_diasbp_max,74
124423,d1_diasbp_max,93
127117,d1_diasbp_max,101
83732,d1_diasbp_max,138
88295,d1_diasbp_max,78
103870,d1_diasbp_max,107
63178,d1_diasbp_max,101
82744,d1_diasbp_max,93
64321,d1_diasbp_max,76
58970,d1_diasbp_max,105
20094,d1_diasbp_max,98
80617,d1_diasbp_max,106
127443,d1_diasbp_max,95
119517,d1_diasbp_max,91
36770,d1_diasbp_max,79
47618,d1_diasbp_max,101
10599,d1_diasbp_max,70
71318,d1_diasbp_max,79
67021,d1_diasbp_max,79
3992,d1_diasbp_max,113
60281,d1_diasbp_max,58
130418,d1_diasbp_max,81
3695,d1_diasbp_max,86
95985,d1_diasbp_max,94
45426,d1_diasbp_max,161
111380,d1_diasbp_max,88
36350,d1_diasbp_max,77
11352,d1_diasbp_max,102
15537,d1_diasbp_max,82
98155,d1_diasbp_max,92
119267,d1_diasbp_max,73
12267,d1_diasbp_max,92
13797,d1_diasbp_max,117
13205,d1_diasbp_max,104
24775,d1_diasbp_max,98
12848,d1_diasbp_max,112
52600,d1_diasbp_max,112
23042,d1_diasbp_max,105
94895,d1_diasbp_max,109
121281,d1_diasbp_max,95
101126,d1_diasbp_max,84
108107,d1_diasbp_max,91
118766,d1_diasbp_max,74
35969,d1_diasbp_max,115
18756,d1_diasbp_max,90
76700,d1_diasbp_max,120
43691,d1_diasbp_max,91
56625,d1_diasbp_max,77
72957,d1_diasbp_max,113
51715,d1_diasbp_max,82
4855,d1_diasbp_max,67
75353,d1_diasbp_max,95
120680,d1_diasbp_max,110
86015,d1_diasbp_max,98
14031,d1_diasbp_max,104
102691,d1_diasbp_max,91
118631,d1_diasbp_max,102
40112,d1_diasbp_max,101
66664,d1_diasbp_max,86
26390,d1_diasbp_max,107
73143,d1_diasbp_max,83
31704,d1_diasbp_max,98
2571,d1_diasbp_max,78
47040,d1_diasbp_max,91
49639,d1_diasbp_max,115
31420,d1_diasbp_max,81
88287,d1_diasbp_max,80
108464,d1_diasbp_max,76
130048,d1_diasbp_max,93
121842,d1_diasbp_max,121
96258,d1_diasbp_max,70
86955,d1_diasbp_max,46
52960,d1_diasbp_max,75
56446,d1_diasbp_max,49
123038,d1_diasbp_max,96
126837,d1_diasbp_max,93
36729,d1_diasbp_max,94
60315,d1_diasbp_max,94
10771,d1_diasbp_max,101
125189,d1_diasbp_max,163
30560,d1_diasbp_max,108
120139,d1_diasbp_max,80
3202,d1_diasbp_max,95
95781,d1_diasbp_max,86
65452,d1_diasbp_max,105
10121,d1_diasbp_max,76
1148,d1_diasbp_max,107
46081,d1_diasbp_max,74
115173,d1_diasbp_max,116
112412,d1_diasbp_max,67
8162,d1_diasbp_max,106
107424,d1_diasbp_max,78
43652,d1_diasbp_max,94
90403,d1_diasbp_max,103
112840,d1_diasbp_max,85
45227,d1_diasbp_max,76
77768,d1_diasbp_max,91
49192,d1_diasbp_max,68
40161,d1_diasbp_max,82
67336,d1_diasbp_max,70
46360,d1_diasbp_max,96
557,d1_diasbp_max,107
125446,d1_diasbp_max,67
74942,d1_diasbp_max,85
12983,d1_diasbp_max,98
35288,d1_diasbp_max,78
111630,d1_diasbp_max,60
108930,d1_diasbp_max,79
111896,d1_diasbp_max,79
84245,d1_diasbp_max,107
115710,d1_diasbp_max,71
8568,d1_diasbp_max,82
54556,d1_diasbp_max,95
57658,d1_diasbp_max,96
60005,d1_diasbp_max,111
1842,d1_diasbp_max,69
18117,d1_diasbp_max,109
88396,d1_diasbp_max,71
103731,d1_diasbp_max,92
110519,d1_diasbp_max,66
6090,d1_diasbp_max,101
1802,d1_diasbp_max,88
86689,d1_diasbp_max,69
7731,d1_diasbp_max,88
124470,d1_diasbp_max,120
101438,d1_diasbp_max,106
35885,d1_diasbp_max,103
18149,d1_diasbp_max,68
117531,d1_diasbp_max,93
54086,d1_diasbp_max,74
46491,d1_diasbp_max,84
97145,d1_diasbp_max,90
17884,d1_diasbp_max,86
127919,d1_diasbp_max,113
55492,d1_diasbp_max,99
71314,d1_diasbp_max,108
38561,d1_diasbp_max,91
88863,d1_diasbp_max,71
127495,d1_diasbp_max,62
71836,d1_diasbp_max,82
71025,d1_diasbp_max,105
74138,d1_diasbp_max,83
45702,d1_diasbp_max,60
82766,d1_diasbp_max,73
85603,d1_diasbp_max,100
275,d1_diasbp_max,85
90655,d1_diasbp_max,91
47324,d1_diasbp_max,92
31036,d1_diasbp_max,82
47814,d1_diasbp_max,66
514,d1_diasbp_max,110
124894,d1_diasbp_max,75
58306,d1_diasbp_max,69
100986,d1_diasbp_max,61
64757,d1_diasbp_max,109
25299,d1_diasbp_max,74
62954,d1_diasbp_max,84
1346,d1_diasbp_max,58
86,d1_diasbp_max,110
9778,d1_diasbp_max,98
32462,d1_diasbp_max,96
28217,d1_diasbp_max,145
128510,d1_diasbp_max,116
81330,d1_diasbp_max,115
121196,d1_diasbp_max,76
109964,d1_diasbp_max,103
93496,d1_diasbp_max,83
92976,d1_diasbp_max,74
66659,d1_diasbp_max,80
7889,d1_diasbp_max,91
111954,d1_diasbp_max,84
124136,d1_diasbp_max,76
87136,d1_diasbp_max,113
126944,d1_diasbp_max,98
73689,d1_diasbp_max,94
70777,d1_diasbp_max,76
120652,d1_diasbp_max,95
72044,d1_diasbp_max,90
100423,d1_diasbp_max,73
73440,d1_diasbp_max,105
65863,d1_diasbp_max,86
68710,d1_diasbp_max,90
13526,d1_diasbp_max,69
564,d1_diasbp_max,78
69542,d1_diasbp_max,84
65762,d1_diasbp_max,95
125146,d1_diasbp_max,72
113313,d1_diasbp_max,96
5414,d1_diasbp_max,76
122803,d1_diasbp_max,118
2951,d1_diasbp_max,103
41013,d1_diasbp_max,91
37919,d1_diasbp_max,72
2210,d1_diasbp_max,71
96660,d1_diasbp_max,75
59066,d1_diasbp_max,59
1138,d1_diasbp_max,103
77394,d1_diasbp_max,96
98509,d1_diasbp_max,106
58053,d1_diasbp_max,80
101266,d1_diasbp_max,96
65073,d1_diasbp_max,80
34051,d1_diasbp_max,100
38911,d1_diasbp_max,122
92985,d1_diasbp_max,74
103270,d1_diasbp_max,64
53985,d1_diasbp_max,61
11053,d1_diasbp_max,80
117622,d1_diasbp_max,84
54090,d1_diasbp_max,83
118207,d1_diasbp_max,92
26654,d1_diasbp_max,80
97644,d1_diasbp_max,84
121646,d1_diasbp_max,109
100160,d1_diasbp_max,106
997,d1_diasbp_max,91
34469,d1_diasbp_max,106
75240,d1_diasbp_max,63
65677,d1_diasbp_max,90
20057,d1_diasbp_max,92
71411,d1_diasbp_max,76
16597,d1_diasbp_max,67
10862,d1_diasbp_max,79
22230,d1_diasbp_max,113
11891,d1_diasbp_max,100
62499,d1_diasbp_max,73
23311,d1_diasbp_max,88
68908,d1_diasbp_max,100
61142,d1_diasbp_max,76
97303,d1_diasbp_max,84
10824,d1_diasbp_max,80
2353,d1_diasbp_max,95
117186,d1_diasbp_max,71
123166,d1_diasbp_max,106
30546,d1_diasbp_max,101
100427,d1_diasbp_max,100
106396,d1_diasbp_max,111
87209,d1_diasbp_max,95
45555,d1_diasbp_max,84
30729,d1_diasbp_max,86
12580,d1_diasbp_max,91
46053,d1_diasbp_max,98
74269,d1_diasbp_max,80
84438,d1_diasbp_max,86
87899,d1_diasbp_max,46
22340,d1_diasbp_max,98
48060,d1_diasbp_max,80
5704,d1_diasbp_max,64
36141,d1_diasbp_max,85
128213,d1_diasbp_max,78
25573,d1_diasbp_max,105
4161,d1_diasbp_max,60
128061,d1_diasbp_max,97
50959,d1_diasbp_max,74
129218,d1_diasbp_max,91
102602,d1_diasbp_max,47
22381,d1_diasbp_max,70
57330,d1_diasbp_max,141
90042,d1_diasbp_max,61
68550,d1_diasbp_max,79
6691,d1_diasbp_max,70
28350,d1_diasbp_max,77
74097,d1_diasbp_max,94
24076,d1_diasbp_max,67
68750,d1_diasbp_max,79
81051,d1_diasbp_max,84
113875,d1_diasbp_max,110
115781,d1_diasbp_max,84
23473,d1_diasbp_max,65
124173,d1_diasbp_max,98
88416,d1_diasbp_max,60
58251,d1_diasbp_max,71
99109,d1_diasbp_max,84
99945,d1_diasbp_max,80
114132,d1_diasbp_max,79
26820,d1_diasbp_max,100
83279,d1_diasbp_max,73
41951,d1_diasbp_max,105
45133,d1_diasbp_max,134
15119,d1_diasbp_max,70
10823,d1_diasbp_max,72
86282,d1_diasbp_max,96
80492,d1_diasbp_max,74
105469,d1_diasbp_max,75
49536,d1_diasbp_max,88
7917,d1_diasbp_max,96
68866,d1_diasbp_max,63
73075,d1_diasbp_max,82
116411,d1_diasbp_max,67
86637,d1_diasbp_max,64
111517,d1_diasbp_max,108
17098,d1_diasbp_max,77
17192,d1_diasbp_max,127
61228,d1_diasbp_max,73
66532,d1_diasbp_max,68
13235,d1_diasbp_max,89
3304,d1_diasbp_max,70
46029,d1_diasbp_max,99
89455,d1_diasbp_max,84
15387,d1_diasbp_max,86
34706,d1_diasbp_max,90
21329,d1_diasbp_max,130
19683,d1_diasbp_max,74
71905,d1_diasbp_max,100
93898,d1_diasbp_max,88
42600,d1_diasbp_max,95
39014,d1_diasbp_max,99
51089,d1_diasbp_max,66
20213,d1_diasbp_max,78
118363,d1_diasbp_max,75
10453,d1_diasbp_max,94
71464,d1_diasbp_max,93
129150,d1_diasbp_max,110
21243,d1_diasbp_max,91
24332,d1_diasbp_max,69
7045,d1_diasbp_max,86
43106,d1_diasbp_max,94
92729,d1_diasbp_max,102
66570,d1_diasbp_max,73
49760,d1_diasbp_max,88
74916,d1_diasbp_max,144
48232,d1_diasbp_max,102
38452,d1_diasbp_max,87
118138,d1_diasbp_max,95
90186,d1_diasbp_max,92
20876,d1_diasbp_max,76
46607,d1_diasbp_max,86
104683,d1_diasbp_max,106
96589,d1_diasbp_max,96
13049,d1_diasbp_max,63
27976,d1_diasbp_max,126
27721,d1_diasbp_max,93
78325,d1_diasbp_max,58
4958,d1_diasbp_max,80
61715,d1_diasbp_max,87
75254,d1_diasbp_max,88
128989,d1_diasbp_max,83
111955,d1_diasbp_max,93
51192,d1_diasbp_max,94
56336,d1_diasbp_max,80
84622,d1_diasbp_max,94
42252,d1_diasbp_max,120
62226,d1_diasbp_max,92
98491,d1_diasbp_max,68
47183,d1_diasbp_max,90
90415,d1_diasbp_max,90
3730,d1_diasbp_max,72
17655,d1_diasbp_max,89
80673,d1_diasbp_max,94
81086,d1_diasbp_max,80
28505,d1_diasbp_max,80
94005,d1_diasbp_max,74
1952,d1_diasbp_max,59
55389,d1_diasbp_max,103
113687,d1_diasbp_max,72
121570,d1_diasbp_max,75
72569,d1_diasbp_max,95
55060,d1_diasbp_max,95
39755,d1_diasbp_max,85
68398,d1_diasbp_max,66
24410,d1_diasbp_max,99
63017,d1_diasbp_max,95
4713,d1_diasbp_max,66
87431,d1_diasbp_max,83
82499,d1_diasbp_max,115
2222,d1_diasbp_max,72
61777,d1_diasbp_max,65
74324,d1_diasbp_max,93
28100,d1_diasbp_max,52
115940,d1_diasbp_max,101
27409,d1_diasbp_max,79
64880,d1_diasbp_max,72
53867,d1_diasbp_max,114
65689,d1_diasbp_max,83
35433,d1_diasbp_max,94
5818,d1_diasbp_max,76
115365,d1_diasbp_max,92
74184,d1_diasbp_max,100
28012,d1_diasbp_max,82
71442,d1_diasbp_max,96
33038,d1_diasbp_max,92
19667,d1_diasbp_max,85
12881,d1_diasbp_max,64
113076,d1_diasbp_max,89
9143,d1_diasbp_max,120
31839,d1_diasbp_max,74
54780,d1_diasbp_max,84
129078,d1_diasbp_max,102
125795,d1_diasbp_max,86
71042,d1_diasbp_max,79
70289,d1_diasbp_max,103
76922,d1_diasbp_max,83
45545,d1_diasbp_max,133
99457,d1_diasbp_max,72
25776,d1_diasbp_max,113
113690,d1_diasbp_max,77
90908,d1_diasbp_max,97
71475,d1_diasbp_max,76
80533,d1_diasbp_max,88
92183,d1_diasbp_max,70
100379,d1_diasbp_max,65
52294,d1_diasbp_max,90
50791,d1_diasbp_max,76
3627,d1_diasbp_max,110
36441,d1_diasbp_max,92
114437,d1_diasbp_max,89
84297,d1_diasbp_max,70
41392,d1_diasbp_max,112
7705,d1_diasbp_max,94
34044,d1_diasbp_max,80
116451,d1_diasbp_max,74
121964,d1_diasbp_max,86
52883,d1_diasbp_max,98
102490,d1_diasbp_max,90
106048,d1_diasbp_max,70
96126,d1_diasbp_max,77
115373,d1_diasbp_max,109
63308,d1_diasbp_max,85
52365,d1_diasbp_max,71
105389,d1_diasbp_max,66
5148,d1_diasbp_max,87
70963,d1_diasbp_max,91
83277,d1_diasbp_max,89
17799,d1_diasbp_max,68
94028,d1_diasbp_max,109
