92,CTICU,118,Floor
90,Med-Surg ICU,81,Floor
93,Med-Surg ICU,118,Accident & Emergency
91,Med-Surg ICU,33,Accident & Emergency
95,Med-Surg ICU,83,Accident & Emergency
114,CCU-CTICU,118,Other Hospital
113,Med-Surg ICU,77,Operating Room / Recovery
102,Neuro ICU,118,Accident & Emergency
97,MICU,118,Operating Room / Recovery
100,Neuro ICU,118,Accident & Emergency
87,Med-Surg ICU,77,Accident & Emergency
99,Med-Surg ICU,118,Accident & Emergency
103,SICU,149,Accident & Emergency
83,Med-Surg ICU,31,Accident & Emergency
85,SICU,118,Operating Room / Recovery
109,Med-Surg ICU,151,Floor
82,Med-Surg ICU,69,Accident & Emergency
98,Med-Surg ICU,46,Accident & Emergency
89,Neuro ICU,118,Other Hospital
108,Med-Surg ICU,63,Floor
120,Med-Surg ICU,113,Operating Room / Recovery
143,Med-Surg ICU,137,Accident & Emergency
133,Med-Surg ICU,89,Operating Room / Recovery
136,Med-Surg ICU,168,Accident & Emergency
160,Med-Surg ICU,150,Accident & Emergency
126,Med-Surg ICU,140,Accident & Emergency
170,Med-Surg ICU,34,Accident & Emergency
144,Med-Surg ICU,74,Accident & Emergency
123,Med-Surg ICU,102,Floor
171,Med-Surg ICU,91,Accident & Emergency
125,Med-Surg ICU,198,Floor
135,Med-Surg ICU,129,Accident & Emergency
153,Med-Surg ICU,4,Accident & Emergency
158,Med-Surg ICU,124,Accident & Emergency
134,Med-Surg ICU,68,Floor
251,Med-Surg ICU,138,Operating Room / Recovery
212,Cardiac ICU,174,Floor
185,CCU-CTICU,138,Floor
174,Med-Surg ICU,134,Accident & Emergency
236,Med-Surg ICU,174,Floor
252,Med-Surg ICU,169,Floor
181,CTICU,174,Operating Room / Recovery
176,Med-Surg ICU,57,Accident & Emergency
248,Med-Surg ICU,177,Accident & Emergency
227,Med-Surg ICU,155,Accident & Emergency
195,Med-Surg ICU,85,Accident & Emergency
187,Med-Surg ICU,78,Accident & Emergency
230,Med-Surg ICU,95,Accident & Emergency
242,Med-Surg ICU,78,Accident & Emergency
241,Med-Surg ICU,169,Accident & Emergency
267,Med-Surg ICU,98,Accident & Emergency
259,Med-Surg ICU,105,Accident & Emergency
290,Med-Surg ICU,76,Operating Room / Recovery
273,Neuro ICU,76,Operating Room / Recovery
261,Med-Surg ICU,5,Floor
307,Med-Surg ICU,116,Accident & Emergency
285,CTICU,76,Accident & Emergency
286,Cardiac ICU,116,Accident & Emergency
256,Med-Surg ICU,76,Floor
302,Med-Surg ICU,76,Accident & Emergency
417,Med-Surg ICU,119,Operating Room / Recovery
337,Med-Surg ICU,79,Accident & Emergency
404,CSICU,171,Operating Room / Recovery
408,CSICU,161,Operating Room / Recovery
377,Med-Surg ICU,128,Operating Room / Recovery
394,Med-Surg ICU,147,Operating Room / Recovery
347,MICU,112,Floor
369,Med-Surg ICU,32,Accident & Emergency
376,Med-Surg ICU,55,Accident & Emergency
362,Med-Surg ICU,17,Operating Room / Recovery
374,Med-Surg ICU,136,Accident & Emergency
413,Med-Surg ICU,161,Accident & Emergency
384,CSICU,112,Floor
391,CSICU,55,Operating Room / Recovery
317,Med-Surg ICU,147,Accident & Emergency
324,Neuro ICU,161,Accident & Emergency
402,CSICU,79,Operating Room / Recovery
388,Med-Surg ICU,44,Accident & Emergency
335,Med-Surg ICU,128,Accident & Emergency
386,Med-Surg ICU,128,Accident & Emergency
364,Med-Surg ICU,128,Accident & Emergency
321,Med-Surg ICU,179,Accident & Emergency
366,Med-Surg ICU,79,Operating Room / Recovery
312,Med-Surg ICU,55,Accident & Emergency
400,Med-Surg ICU,88,Operating Room / Recovery
398,MICU,23,Floor
365,Med-Surg ICU,130,Floor
338,Med-Surg ICU,112,Floor
389,Med-Surg ICU,72,Accident & Emergency
429,Cardiac ICU,109,Accident & Emergency
428,Med-Surg ICU,10,Accident & Emergency
426,Neuro ICU,204,Operating Room / Recovery
430,Med-Surg ICU,204,Floor
424,Med-Surg ICU,117,Accident & Emergency
427,Med-Surg ICU,202,N/A
431,CSICU,204,Operating Room / Recovery
432,Med-Surg ICU,109,Accident & Emergency
425,Cardiac ICU,10,Floor
434,MICU,70,Other Hospital
451,Neuro ICU,70,Accident & Emergency
464,CCU-CTICU,70,Operating Room / Recovery
445,Med-Surg ICU,70,Accident & Emergency
470,Med-Surg ICU,160,Accident & Emergency
477,Cardiac ICU,62,Floor
467,CTICU,62,Floor
482,MICU,16,Accident & Emergency
471,CTICU,199,Accident & Emergency
480,SICU,54,Accident & Emergency
468,CTICU,199,Floor
479,CTICU,54,Operating Room / Recovery
481,MICU,62,Accident & Emergency
474,SICU,54,Accident & Emergency
491,Med-Surg ICU,100,Floor
498,Med-Surg ICU,186,Operating Room / Recovery
483,Med-Surg ICU,20,Accident & Emergency
486,Med-Surg ICU,107,Accident & Emergency
489,Med-Surg ICU,14,Floor
490,Med-Surg ICU,100,Floor
495,Med-Surg ICU,100,Operating Room / Recovery
499,Med-Surg ICU,132,Accident & Emergency
493,Med-Surg ICU,87,Accident & Emergency
487,MICU,100,Accident & Emergency
497,Med-Surg ICU,53,Floor
494,Med-Surg ICU,100,Accident & Emergency
504,SICU,21,Accident & Emergency
512,CCU-CTICU,21,Floor
508,Med-Surg ICU,21,Accident & Emergency
514,Med-Surg ICU,99,Floor
505,Med-Surg ICU,71,Accident & Emergency
513,MICU,21,Floor
506,MICU,182,Operating Room / Recovery
523,Med-Surg ICU,24,Accident & Emergency
516,Med-Surg ICU,200,Accident & Emergency
543,Med-Surg ICU,189,Accident & Emergency
538,Med-Surg ICU,60,Floor
517,CCU-CTICU,24,Accident & Emergency
534,CTICU,84,Operating Room / Recovery
547,Med-Surg ICU,189,Accident & Emergency
531,Cardiac ICU,84,Accident & Emergency
550,Neuro ICU,26,Accident & Emergency
549,CTICU,133,Floor
561,Med-Surg ICU,133,Accident & Emergency
556,Med-Surg ICU,26,Floor
559,Med-Surg ICU,133,Accident & Emergency
552,Cardiac ICU,26,Accident & Emergency
608,Med-Surg ICU,27,Accident & Emergency
597,Med-Surg ICU,8,Accident & Emergency
601,MICU,194,Accident & Emergency
609,SICU,194,Floor
602,Med-Surg ICU,111,Operating Room / Recovery
594,Neuro ICU,194,Accident & Emergency
607,Cardiac ICU,194,Accident & Emergency
603,Med-Surg ICU,194,Accident & Emergency
622,CCU-CTICU,176,Accident & Emergency
626,Cardiac ICU,187,Accident & Emergency
611,SICU,176,Operating Room / Recovery
628,MICU,176,Operating Room / Recovery
616,Neuro ICU,39,Accident & Emergency
623,Neuro ICU,176,Accident & Emergency
613,Med-Surg ICU,101,Floor
619,CCU-CTICU,39,Accident & Emergency
620,Med-Surg ICU,80,Accident & Emergency
625,Med-Surg ICU,90,Accident & Emergency
646,Neuro ICU,19,Accident & Emergency
653,Med-Surg ICU,19,Accident & Emergency
656,Med-Surg ICU,94,Accident & Emergency
657,CCU-CTICU,19,Accident & Emergency
669,Med-Surg ICU,50,Accident & Emergency
647,Med-Surg ICU,192,Floor
642,Med-Surg ICU,43,Accident & Emergency
664,SICU,19,Accident & Emergency
632,Cardiac ICU,145,Accident & Emergency
666,Med-Surg ICU,180,Floor
650,Cardiac ICU,40,Accident & Emergency
634,CTICU,40,Accident & Emergency
636,SICU,40,Accident & Emergency
641,Med-Surg ICU,9,Accident & Emergency
654,MICU,93,Accident & Emergency
711,CCU-CTICU,185,Accident & Emergency
709,Med-Surg ICU,159,Operating Room / Recovery
675,SICU,166,Operating Room / Recovery
697,SICU,157,Operating Room / Recovery
683,Med-Surg ICU,64,Accident & Emergency
696,Med-Surg ICU,125,Accident & Emergency
707,Med-Surg ICU,92,Accident & Emergency
687,Med-Surg ICU,185,Accident & Emergency
700,MICU,166,Accident & Emergency
694,Med-Surg ICU,13,Accident & Emergency
678,MICU,157,Other Hospital
708,Med-Surg ICU,13,Accident & Emergency
685,Med-Surg ICU,37,Accident & Emergency
684,Cardiac ICU,139,Operating Room / Recovery
705,Med-Surg ICU,135,Accident & Emergency
679,Neuro ICU,185,Operating Room / Recovery
698,MICU,51,Floor
677,Med-Surg ICU,157,Floor
680,Med-Surg ICU,13,Floor
775,Med-Surg ICU,18,Accident & Emergency
766,Med-Surg ICU,18,Accident & Emergency
804,Med-Surg ICU,18,Floor
814,Med-Surg ICU,181,Accident & Emergency
836,Med-Surg ICU,158,Operating Room / Recovery
829,Med-Surg ICU,196,Floor
809,CSICU,196,Operating Room / Recovery
822,Med-Surg ICU,196,Operating Room / Recovery
794,CTICU,47,Accident & Emergency
798,Med-Surg ICU,103,Accident & Emergency
831,Med-Surg ICU,196,Floor
830,Med-Surg ICU,197,Accident & Emergency
772,Med-Surg ICU,196,Floor
832,Med-Surg ICU,47,Accident & Emergency
780,Med-Surg ICU,196,Accident & Emergency
786,Cardiac ICU,47,Accident & Emergency
823,Med-Surg ICU,38,Floor
855,CCU-CTICU,188,Accident & Emergency
876,Med-Surg ICU,2,Accident & Emergency
888,Med-Surg ICU,49,Accident & Emergency
874,Med-Surg ICU,142,Accident & Emergency
895,Med-Surg ICU,35,Floor
840,MICU,188,Accident & Emergency
889,Neuro ICU,188,Accident & Emergency
841,SICU,188,Operating Room / Recovery
878,Med-Surg ICU,15,Floor
862,Cardiac ICU,146,Accident & Emergency
869,Med-Surg ICU,146,Accident & Emergency
852,Med-Surg ICU,188,Accident & Emergency
904,Med-Surg ICU,29,Accident & Emergency
905,Med-Surg ICU,36,Accident & Emergency
903,Med-Surg ICU,167,Floor
927,Cardiac ICU,30,Accident & Emergency
921,Med-Surg ICU,30,Accident & Emergency
907,Med-Surg ICU,184,Accident & Emergency
926,Med-Surg ICU,104,Accident & Emergency
906,Neuro ICU,30,Accident & Emergency
925,Med-Surg ICU,121,Accident & Emergency
908,Med-Surg ICU,195,Floor
917,Med-Surg ICU,3,Accident & Emergency
915,Med-Surg ICU,6,Accident & Emergency
918,Med-Surg ICU,6,Operating Room / Recovery
909,Med-Surg ICU,183,Accident & Emergency
922,Med-Surg ICU,66,Accident & Emergency
