1,""
2,Afghanistan
3,Albania
4,Algeria
5,Angola
6,Argentina
7,Armenia
8,Australia
9,Austria
10,Azerbaijan
11,Bahamas
12,Bangladesh
13,Belarus
14,Belgium
15,Bermuda
16,Botswana
17,Brazil
18,Bulgaria
19,Burkina Faso
20,Cambodia
21,"Cambodia,"
22,Cameroon
23,Canada
24,Cayman Islands
25,Chile
26,China
27,Colombia
28,Croatia
29,Cuba
30,Cyprus
31,Czech Republic
32,Denmark
33,Dominican Republic
34,East Germany
35,Ecuador
36,Egypt
37,Ethiopia
38,Finland
39,France
40,Georgia
41,Germany
42,Ghana
43,Greece
44,Guatemala
45,Hong Kong
46,Hungary
47,Iceland
48,India
49,Indonesia
50,Iran
51,Iraq
52,Ireland
53,Israel
54,Italy
55,Jamaica
56,Japan
57,Jordan
58,Kazakhstan
59,Kenya
60,Kuwait
61,Latvia
62,Lebanon
63,Liechtenstein
64,Lithuania
65,Luxembourg
66,Malawi
67,Malaysia
68,Malta
69,Mauritius
70,Mexico
71,Mongolia
72,Montenegro
73,Morocco
74,Mozambique
75,Namibia
76,Nepal
77,Netherlands
78,New Zealand
79,Nicaragua
80,Nigeria
81,Norway
82,Pakistan
83,Palestine
84,Panama
85,Paraguay
86,Peru
87,Philippines
88,Poland
89,"Poland,"
90,Portugal
91,Puerto Rico
92,Qatar
93,Romania
94,Russia
95,Samoa
96,Saudi Arabia
97,Senegal
98,Serbia
99,Singapore
100,Slovakia
101,Slovenia
102,Somalia
103,South Africa
104,South Korea
105,Soviet Union
106,Spain
107,Sri Lanka
108,Sudan
109,Sweden
110,Switzerland
111,Syria
112,Taiwan
113,Thailand
114,Turkey
115,Uganda
116,Ukraine
117,United Arab Emirates
118,United Kingdom
119,"United Kingdom,"
120,United States
121,"United States,"
122,Uruguay
123,Vatican City
124,Venezuela
125,Vietnam
126,West Germany
127,Zimbabwe
